station,datetime,rainfall,temperature,humidity,wind_speed,pressure,msl_pressure,weather_main
DEHRADUN,2025-07-21 00:00:00,0.82,23.0,87,1.6944444444444442,1001.0,1001.0,Light rain
DEHRADUN,2025-07-21 01:00:00,2.88,22.4,90,2.111111111111111,1000.0,1000.0,Moderate rain
DEHRADUN,2025-07-21 02:00:00,5.36,21.6,95,1.611111111111111,1000.0,1000.0,Moderate rain
DEHRADUN,2025-07-21 03:00:00,8.8,21.3,98,1.3888888888888888,1000.0,1000.0,Heavy rain
DEHRADUN,2025-07-21 04:00:00,19.67,21.1,99,1.3055555555555556,1000.0,1000.0,Heavy rain
DEHRADUN,2025-07-21 05:00:00,11.75,21.0,99,1.611111111111111,1000.0,1000.0,Heavy rain
DEHRADUN,2025-07-21 06:00:00,5.35,20.9,99,1.6944444444444442,1001.0,1001.0,Moderate rain
DEHRADUN,2025-07-21 07:00:00,6.82,20.9,99,1.611111111111111,1002.0,1002.0,Moderate rain
DEHRADUN,2025-07-21 08:00:00,13.21,21.0,99,1.8888888888888888,1003.0,1003.0,Heavy rain
DEHRADUN,2025-07-21 09:00:00,10.47,21.0,99,2.111111111111111,1003.0,1003.0,Heavy rain
DEHRADUN,2025-07-21 10:00:00,5.73,21.1,99,1.8888888888888888,1004.0,1004.0,Moderate rain
DEHRADUN,2025-07-21 11:00:00,3.29,22.9,98,1.1111111111111112,1004.0,1004.0,Moderate or heavy rain shower
DEHRADUN,2025-07-21 12:00:00,3.26,22.8,98,0.6111111111111112,1004.0,1004.0,Moderate rain
DEHRADUN,2025-07-21 13:00:00,3.39,22.7,98,0.8055555555555555,1004.0,1004.0,Moderate rain
DEHRADUN,2025-07-21 14:00:00,1.15,22.7,97,0.6944444444444444,1004.0,1004.0,Light rain shower
DEHRADUN,2025-07-21 15:00:00,0.32,22.9,96,0.8055555555555555,1004.0,1004.0,Light rain shower
DEHRADUN,2025-07-21 16:00:00,0.03,23.3,95,0.6944444444444444,1003.0,1003.0,Mist
DEHRADUN,2025-07-21 17:00:00,0.01,23.6,94,0.6111111111111112,1003.0,1003.0,Patchy rain possible
DEHRADUN,2025-07-21 18:00:00,0.0,23.5,93,1.3055555555555556,1003.0,1003.0,Overcast
DEHRADUN,2025-07-21 19:00:00,0.0,23.1,94,1.611111111111111,1003.0,1003.0,Overcast
DEHRADUN,2025-07-21 20:00:00,0.0,23.2,92,1.611111111111111,1003.0,1003.0,Overcast
DEHRADUN,2025-07-21 21:00:00,0.0,23.3,91,1.1944444444444444,1003.0,1003.0,Overcast
DEHRADUN,2025-07-21 22:00:00,0.0,23.1,90,0.6944444444444444,1003.0,1003.0,Cloudy
DEHRADUN,2025-07-21 23:00:00,0.0,22.4,89,1.3055555555555556,1003.0,1003.0,Cloudy
DEHRADUN,2025-07-20 00:00:00,0.01,23.8,81,0.5,1001.0,1001.0,Patchy rain possible
DEHRADUN,2025-07-20 01:00:00,0.01,23.6,81,0.38888888888888884,1001.0,1001.0,Patchy rain possible
DEHRADUN,2025-07-20 02:00:00,0.02,23.4,82,0.3055555555555556,1001.0,1001.0,Patchy rain possible
DEHRADUN,2025-07-20 03:00:00,0.01,23.1,83,0.0,1000.0,1000.0,Patchy rain possible
DEHRADUN,2025-07-20 04:00:00,0.01,23.0,84,0.19444444444444442,1001.0,1001.0,Patchy rain possible
DEHRADUN,2025-07-20 05:00:00,0.0,22.6,85,0.6944444444444444,1001.0,1001.0,Cloudy
DEHRADUN,2025-07-20 06:00:00,0.0,23.1,86,0.5,1001.0,1001.0,Cloudy
DEHRADUN,2025-07-20 07:00:00,0.04,24.1,81,0.8055555555555555,1001.0,1001.0,Patchy rain possible
DEHRADUN,2025-07-20 08:00:00,0.1,25.2,77,1.1944444444444444,1001.0,1001.0,Patchy rain possible
DEHRADUN,2025-07-20 09:00:00,0.06,26.1,73,1.5,1001.0,1001.0,Patchy rain possible
DEHRADUN,2025-07-20 10:00:00,0.05,27.8,69,1.8055555555555556,1001.0,1001.0,Patchy rain possible
DEHRADUN,2025-07-20 11:00:00,0.15,29.9,66,2.305555555555556,1001.0,1001.0,Thundery outbreaks possible
DEHRADUN,2025-07-20 12:00:00,0.44,30.5,64,2.611111111111111,1000.0,1000.0,Patchy light rain with thunder
DEHRADUN,2025-07-20 13:00:00,0.52,30.9,63,2.611111111111111,999.0,999.0,Patchy light drizzle
DEHRADUN,2025-07-20 14:00:00,0.28,30.9,63,2.305555555555556,999.0,999.0,Patchy rain possible
DEHRADUN,2025-07-20 15:00:00,0.49,30.6,65,1.611111111111111,998.0,998.0,Patchy light drizzle
DEHRADUN,2025-07-20 16:00:00,0.22,29.9,68,0.6944444444444444,998.0,998.0,Patchy light rain with thunder
DEHRADUN,2025-07-20 17:00:00,0.29,29.2,72,0.5,998.0,998.0,Patchy rain possible
DEHRADUN,2025-07-20 18:00:00,0.45,28.2,75,1.1111111111111112,999.0,999.0,Patchy rain possible
DEHRADUN,2025-07-20 19:00:00,0.08,27.3,75,1.3055555555555556,999.0,999.0,Patchy rain possible
DEHRADUN,2025-07-20 20:00:00,0.54,26.3,80,1.3888888888888888,1000.0,1000.0,Light rain shower
DEHRADUN,2025-07-20 21:00:00,0.36,25.9,83,1.6944444444444442,1000.0,1000.0,Light rain shower
DEHRADUN,2025-07-20 22:00:00,0.2,24.4,85,1.5,1000.0,1000.0,Light rain shower
DEHRADUN,2025-07-20 23:00:00,0.27,23.4,85,1.5,1000.0,1000.0,Light rain shower
DEHRADUN,2025-07-19 00:00:00,0.0,22.3,86,1.611111111111111,1002.0,1002.0,Partly cloudy
DEHRADUN,2025-07-19 01:00:00,0.0,22.1,86,1.5,1002.0,1002.0,Partly cloudy
DEHRADUN,2025-07-19 02:00:00,0.0,21.9,86,1.3055555555555556,1002.0,1002.0,Cloudy
DEHRADUN,2025-07-19 03:00:00,0.0,21.7,87,1.1111111111111112,1001.0,1001.0,Cloudy
DEHRADUN,2025-07-19 04:00:00,0.0,21.5,87,0.888888888888889,1001.0,1001.0,Partly cloudy
DEHRADUN,2025-07-19 05:00:00,0.0,21.3,88,1.0,1001.0,1001.0,Partly cloudy
DEHRADUN,2025-07-19 06:00:00,0.0,22.3,87,0.6944444444444444,1002.0,1002.0,Partly cloudy
DEHRADUN,2025-07-19 07:00:00,0.0,23.9,80,0.5,1002.0,1002.0,Sunny
DEHRADUN,2025-07-19 08:00:00,0.0,25.3,75,1.1944444444444444,1002.0,1002.0,Sunny
DEHRADUN,2025-07-19 09:00:00,0.01,26.6,71,1.5,1002.0,1002.0,Patchy rain possible
DEHRADUN,2025-07-19 10:00:00,0.03,28.1,68,2.111111111111111,1002.0,1002.0,Thundery outbreaks possible
DEHRADUN,2025-07-19 11:00:00,0.11,30.0,67,2.388888888888889,1002.0,1002.0,Thundery outbreaks possible
DEHRADUN,2025-07-19 12:00:00,0.26,29.8,69,2.611111111111111,1001.0,1001.0,Light drizzle
DEHRADUN,2025-07-19 13:00:00,0.33,28.8,74,2.0,1001.0,1001.0,Light rain shower
DEHRADUN,2025-07-19 14:00:00,0.17,28.6,75,1.1944444444444444,1001.0,1001.0,Light rain shower
DEHRADUN,2025-07-19 15:00:00,0.12,29.0,73,0.5,1000.0,1000.0,Thundery outbreaks possible
DEHRADUN,2025-07-19 16:00:00,0.27,28.6,76,0.5,999.0,999.0,Light rain shower
DEHRADUN,2025-07-19 17:00:00,0.11,28.0,80,0.6944444444444444,999.0,999.0,Thundery outbreaks possible
DEHRADUN,2025-07-19 18:00:00,0.09,27.4,82,1.0,999.0,999.0,Thundery outbreaks possible
DEHRADUN,2025-07-19 19:00:00,0.01,26.1,84,1.3055555555555556,1000.0,1000.0,Thundery outbreaks possible
DEHRADUN,2025-07-19 20:00:00,0.02,25.8,84,1.1111111111111112,1000.0,1000.0,Patchy rain possible
DEHRADUN,2025-07-19 21:00:00,0.01,25.4,83,1.1111111111111112,1000.0,1000.0,Patchy rain possible
DEHRADUN,2025-07-19 22:00:00,0.0,23.5,83,0.6944444444444444,1000.0,1000.0,Partly cloudy
DEHRADUN,2025-07-19 23:00:00,0.0,23.2,85,0.6944444444444444,1000.0,1000.0,Partly cloudy
DEHRADUN,2025-07-18 00:00:00,0.07,21.5,83,1.8888888888888888,1005.0,1005.0,Patchy rain possible
DEHRADUN,2025-07-18 01:00:00,0.06,21.3,84,1.5,1005.0,1005.0,Patchy rain possible
DEHRADUN,2025-07-18 02:00:00,0.0,21.2,84,1.3888888888888888,1004.0,1004.0,Partly cloudy
DEHRADUN,2025-07-18 03:00:00,0.0,21.1,83,1.611111111111111,1004.0,1004.0,Partly cloudy
DEHRADUN,2025-07-18 04:00:00,0.0,21.1,83,1.611111111111111,1004.0,1004.0,Partly cloudy
DEHRADUN,2025-07-18 05:00:00,0.0,21.1,83,1.3888888888888888,1005.0,1005.0,Partly cloudy
DEHRADUN,2025-07-18 06:00:00,0.0,21.6,83,1.3888888888888888,1005.0,1005.0,Partly cloudy
DEHRADUN,2025-07-18 07:00:00,0.0,23.6,77,0.6944444444444444,1005.0,1005.0,Partly cloudy
DEHRADUN,2025-07-18 08:00:00,0.0,25.0,70,0.8055555555555555,1005.0,1005.0,Partly cloudy
DEHRADUN,2025-07-18 09:00:00,0.0,25.5,69,1.5,1006.0,1006.0,Partly cloudy
DEHRADUN,2025-07-18 10:00:00,0.0,27.7,64,2.111111111111111,1005.0,1005.0,Partly cloudy
DEHRADUN,2025-07-18 11:00:00,0.01,29.7,62,2.1944444444444446,1005.0,1005.0,Patchy rain possible
DEHRADUN,2025-07-18 12:00:00,0.02,30.2,62,2.388888888888889,1004.0,1004.0,Patchy rain possible
DEHRADUN,2025-07-18 13:00:00,0.04,30.5,61,2.388888888888889,1004.0,1004.0,Patchy rain possible
DEHRADUN,2025-07-18 14:00:00,0.07,30.1,65,2.305555555555556,1003.0,1003.0,Patchy rain possible
DEHRADUN,2025-07-18 15:00:00,0.09,29.9,66,1.8888888888888888,1002.0,1002.0,Patchy rain possible
DEHRADUN,2025-07-18 16:00:00,0.02,29.9,67,1.3888888888888888,1002.0,1002.0,Patchy rain possible
DEHRADUN,2025-07-18 17:00:00,0.01,29.5,71,1.1111111111111112,1001.0,1001.0,Patchy rain possible
DEHRADUN,2025-07-18 18:00:00,0.01,28.1,79,0.888888888888889,1002.0,1002.0,Patchy rain possible
DEHRADUN,2025-07-18 19:00:00,0.0,26.4,82,0.6111111111111112,1002.0,1002.0,Partly cloudy
DEHRADUN,2025-07-18 20:00:00,0.0,25.9,83,1.3888888888888888,1002.0,1002.0,Clear
DEHRADUN,2025-07-18 21:00:00,0.0,25.6,84,1.611111111111111,1003.0,1003.0,Partly cloudy
DEHRADUN,2025-07-18 22:00:00,0.02,25.1,84,1.5,1003.0,1003.0,Patchy rain possible
DEHRADUN,2025-07-18 23:00:00,0.02,23.2,83,1.5,1002.0,1002.0,Patchy rain possible
DEHRADUN,2025-07-17 00:00:00,0.38,21.9,91,0.6111111111111112,1004.0,1004.0,Light rain shower
DEHRADUN,2025-07-17 01:00:00,0.47,21.7,92,0.5,1003.0,1003.0,Light rain shower
DEHRADUN,2025-07-17 02:00:00,0.59,21.6,93,0.5,1003.0,1003.0,Light rain shower
DEHRADUN,2025-07-17 03:00:00,0.38,21.4,93,0.6111111111111112,1003.0,1003.0,Light rain shower
DEHRADUN,2025-07-17 04:00:00,1.07,21.1,96,0.8055555555555555,1003.0,1003.0,Light rain shower
DEHRADUN,2025-07-17 05:00:00,2.34,20.8,98,0.888888888888889,1003.0,1003.0,Light rain shower
DEHRADUN,2025-07-17 06:00:00,3.49,20.8,98,1.3888888888888888,1004.0,1004.0,Moderate rain
DEHRADUN,2025-07-17 07:00:00,4.11,20.7,98,1.8055555555555556,1005.0,1005.0,Moderate rain
DEHRADUN,2025-07-17 08:00:00,4.83,20.6,98,1.8055555555555556,1005.0,1005.0,Moderate rain
DEHRADUN,2025-07-17 09:00:00,5.84,20.5,98,1.5,1006.0,1006.0,Moderate rain
DEHRADUN,2025-07-17 10:00:00,5.04,20.9,98,1.1111111111111112,1006.0,1006.0,Moderate rain
DEHRADUN,2025-07-17 11:00:00,4.49,22.4,98,0.8055555555555555,1006.0,1006.0,Moderate rain
DEHRADUN,2025-07-17 12:00:00,4.0,22.7,98,0.888888888888889,1006.0,1006.0,Moderate rain
DEHRADUN,2025-07-17 13:00:00,2.93,23.0,97,1.0,1006.0,1006.0,Moderate rain
DEHRADUN,2025-07-17 14:00:00,1.65,23.2,96,1.1111111111111112,1006.0,1006.0,Light rain
DEHRADUN,2025-07-17 15:00:00,0.74,23.6,94,1.0,1005.0,1005.0,Light drizzle
DEHRADUN,2025-07-17 16:00:00,0.25,23.7,94,0.8055555555555555,1005.0,1005.0,Light rain shower
DEHRADUN,2025-07-17 17:00:00,0.02,24.0,93,0.888888888888889,1005.0,1005.0,Patchy rain possible
DEHRADUN,2025-07-17 18:00:00,0.0,23.9,93,0.888888888888889,1004.0,1004.0,Partly cloudy
DEHRADUN,2025-07-17 19:00:00,0.0,23.5,92,1.0,1005.0,1005.0,Overcast
DEHRADUN,2025-07-17 20:00:00,0.01,23.4,91,1.611111111111111,1005.0,1005.0,Patchy rain possible
DEHRADUN,2025-07-17 21:00:00,0.02,23.5,90,1.3055555555555556,1005.0,1005.0,Patchy rain possible
DEHRADUN,2025-07-17 22:00:00,0.14,23.4,90,1.3888888888888888,1006.0,1006.0,Patchy rain possible
DEHRADUN,2025-07-17 23:00:00,0.2,21.1,90,1.611111111111111,1006.0,1006.0,Light drizzle
DEHRADUN,2025-07-16 00:00:00,1.6,21.2,93,1.1111111111111112,1003.0,1003.0,Light rain shower
DEHRADUN,2025-07-16 01:00:00,1.7,21.2,94,1.1944444444444444,1003.0,1003.0,Light rain shower
DEHRADUN,2025-07-16 02:00:00,1.87,21.2,94,0.6944444444444444,1002.0,1002.0,Light rain shower
DEHRADUN,2025-07-16 03:00:00,0.84,21.2,93,0.38888888888888884,1002.0,1002.0,Light rain shower
DEHRADUN,2025-07-16 04:00:00,0.39,21.2,93,0.19444444444444442,1002.0,1002.0,Patchy rain possible
DEHRADUN,2025-07-16 05:00:00,0.34,21.4,94,0.5,1002.0,1002.0,Patchy rain possible
DEHRADUN,2025-07-16 06:00:00,0.19,22.5,92,0.38888888888888884,1003.0,1003.0,Patchy rain possible
DEHRADUN,2025-07-16 07:00:00,1.58,23.3,89,0.6944444444444444,1003.0,1003.0,Light rain shower
DEHRADUN,2025-07-16 08:00:00,1.5,24.0,86,1.0,1004.0,1004.0,Light rain shower
DEHRADUN,2025-07-16 09:00:00,1.15,24.4,85,0.888888888888889,1004.0,1004.0,Light rain shower
DEHRADUN,2025-07-16 10:00:00,1.41,25.0,85,1.1944444444444444,1004.0,1004.0,Light rain shower
DEHRADUN,2025-07-16 11:00:00,1.04,26.6,80,1.8888888888888888,1004.0,1004.0,Light rain shower
DEHRADUN,2025-07-16 12:00:00,1.18,27.9,78,2.305555555555556,1003.0,1003.0,Light rain shower
DEHRADUN,2025-07-16 13:00:00,1.43,27.9,79,2.8055555555555554,1003.0,1003.0,Light rain shower
DEHRADUN,2025-07-16 14:00:00,1.59,27.3,82,2.8055555555555554,1002.0,1002.0,Light rain shower
DEHRADUN,2025-07-16 15:00:00,1.75,27.4,82,2.611111111111111,1002.0,1002.0,Light rain shower
DEHRADUN,2025-07-16 16:00:00,1.43,27.2,83,2.0,1002.0,1002.0,Light rain shower
DEHRADUN,2025-07-16 17:00:00,0.6,26.7,86,1.3888888888888888,1003.0,1003.0,Light rain shower
DEHRADUN,2025-07-16 18:00:00,1.15,25.7,90,0.888888888888889,1003.0,1003.0,Light rain shower
DEHRADUN,2025-07-16 19:00:00,0.83,24.6,91,0.5,1003.0,1003.0,Light rain shower
DEHRADUN,2025-07-16 20:00:00,0.54,24.2,91,0.8055555555555555,1003.0,1003.0,Light rain shower
DEHRADUN,2025-07-16 21:00:00,0.48,23.9,91,1.1944444444444444,1004.0,1004.0,Light rain shower
DEHRADUN,2025-07-16 22:00:00,0.35,23.8,90,0.888888888888889,1004.0,1004.0,Light rain shower
DEHRADUN,2025-07-16 23:00:00,0.45,23.1,90,0.5,1005.0,1005.0,Light rain shower
DEHRADUN,2025-07-15 00:00:00,1.77,23.1,88,2.111111111111111,1003.0,1003.0,Light rain shower
DEHRADUN,2025-07-15 01:00:00,2.35,22.9,89,1.6944444444444442,1002.0,1002.0,Light rain shower
DEHRADUN,2025-07-15 02:00:00,1.5,22.3,90,1.5,1002.0,1002.0,Light rain shower
DEHRADUN,2025-07-15 03:00:00,1.23,21.3,89,1.1944444444444444,1001.0,1001.0,Light rain shower
DEHRADUN,2025-07-15 04:00:00,0.0,21.2,88,1.0,1001.0,1001.0,Partly cloudy
DEHRADUN,2025-07-15 05:00:00,0.0,21.0,87,1.1944444444444444,1001.0,1001.0,Clear
DEHRADUN,2025-07-15 06:00:00,0.0,22.1,86,0.888888888888889,1002.0,1002.0,Sunny
DEHRADUN,2025-07-15 07:00:00,0.0,23.7,79,0.11111111111111112,1002.0,1002.0,Sunny
DEHRADUN,2025-07-15 08:00:00,0.04,24.6,76,1.1944444444444444,1003.0,1003.0,Patchy rain possible
DEHRADUN,2025-07-15 09:00:00,0.71,25.3,75,1.8888888888888888,1003.0,1003.0,Patchy rain possible
DEHRADUN,2025-07-15 10:00:00,0.57,26.1,73,2.111111111111111,1003.0,1003.0,Patchy rain possible
DEHRADUN,2025-07-15 11:00:00,0.97,28.2,72,2.305555555555556,1002.0,1002.0,Patchy rain possible
DEHRADUN,2025-07-15 12:00:00,1.38,28.8,73,2.0,1002.0,1002.0,Patchy rain possible
DEHRADUN,2025-07-15 13:00:00,1.78,28.8,74,1.6944444444444442,1002.0,1002.0,Light rain shower
DEHRADUN,2025-07-15 14:00:00,1.24,29.1,74,1.8055555555555556,1001.0,1001.0,Light rain shower
DEHRADUN,2025-07-15 15:00:00,1.7,28.5,77,2.305555555555556,1001.0,1001.0,Light rain shower
DEHRADUN,2025-07-15 16:00:00,1.62,28.1,79,2.1944444444444446,1001.0,1001.0,Light rain shower
DEHRADUN,2025-07-15 17:00:00,1.35,27.3,84,1.3055555555555556,1001.0,1001.0,Light rain shower
DEHRADUN,2025-07-15 18:00:00,1.43,26.2,86,0.6111111111111112,1001.0,1001.0,Light rain shower
DEHRADUN,2025-07-15 19:00:00,1.25,23.0,87,0.8055555555555555,1002.0,1002.0,Light rain shower
DEHRADUN,2025-07-15 20:00:00,1.44,24.4,90,1.1111111111111112,1002.0,1002.0,Light rain shower
DEHRADUN,2025-07-15 21:00:00,0.53,22.3,91,1.1111111111111112,1003.0,1003.0,Light rain shower
DEHRADUN,2025-07-15 22:00:00,0.43,22.1,89,0.888888888888889,1004.0,1004.0,Light rain shower
DEHRADUN,2025-07-15 23:00:00,0.45,22.0,90,0.888888888888889,1003.0,1003.0,Light rain shower
HARIDWAR,2025-07-21 00:00:00,0.34,27.9,78,1.5,999.0,999.0,Light rain shower
HARIDWAR,2025-07-21 01:00:00,0.64,27.6,80,2.1944444444444446,999.0,999.0,Light rain shower
HARIDWAR,2025-07-21 02:00:00,2.48,26.4,87,2.5,998.0,998.0,Light rain
HARIDWAR,2025-07-21 03:00:00,6.64,25.3,95,2.305555555555556,999.0,999.0,Moderate rain
HARIDWAR,2025-07-21 04:00:00,7.57,25.0,96,2.0,999.0,999.0,Heavy rain
HARIDWAR,2025-07-21 05:00:00,9.0,24.9,97,1.8055555555555556,999.0,999.0,Heavy rain
HARIDWAR,2025-07-21 06:00:00,5.55,24.9,97,1.3055555555555556,1000.0,1000.0,Moderate rain
HARIDWAR,2025-07-21 07:00:00,4.48,25.1,96,0.888888888888889,1001.0,1001.0,Moderate rain
HARIDWAR,2025-07-21 08:00:00,3.18,25.2,95,1.1111111111111112,1002.0,1002.0,Moderate or heavy rain shower
HARIDWAR,2025-07-21 09:00:00,3.9,25.4,94,1.1111111111111112,1003.0,1003.0,Moderate or heavy rain shower
HARIDWAR,2025-07-21 10:00:00,0.98,25.6,93,1.1944444444444444,1003.0,1003.0,Light rain shower
HARIDWAR,2025-07-21 11:00:00,1.4,25.7,91,1.1111111111111112,1003.0,1003.0,Light rain shower
HARIDWAR,2025-07-21 12:00:00,1.82,25.5,91,0.6111111111111112,1003.0,1003.0,Light rain
HARIDWAR,2025-07-21 13:00:00,0.79,25.4,92,0.5,1003.0,1003.0,Light rain shower
HARIDWAR,2025-07-21 14:00:00,0.2,25.4,92,0.6944444444444444,1003.0,1003.0,Light rain shower
HARIDWAR,2025-07-21 15:00:00,0.01,25.5,91,1.1944444444444444,1002.0,1002.0,Patchy rain possible
HARIDWAR,2025-07-21 16:00:00,0.0,25.5,90,1.3055555555555556,1002.0,1002.0,Overcast
HARIDWAR,2025-07-21 17:00:00,0.0,25.4,90,1.5,1001.0,1001.0,Overcast
HARIDWAR,2025-07-21 18:00:00,0.0,25.4,89,1.6944444444444442,1001.0,1001.0,Overcast
HARIDWAR,2025-07-21 19:00:00,0.0,25.1,90,2.0,1001.0,1001.0,Cloudy
HARIDWAR,2025-07-21 20:00:00,0.0,25.1,89,1.611111111111111,1001.0,1001.0,Cloudy
HARIDWAR,2025-07-21 21:00:00,0.0,25.2,88,1.0,1001.0,1001.0,Partly cloudy
HARIDWAR,2025-07-21 22:00:00,0.0,25.2,87,1.3055555555555556,1001.0,1001.0,Partly cloudy
HARIDWAR,2025-07-21 23:00:00,0.0,25.2,87,1.3888888888888888,1001.0,1001.0,Cloudy
HARIDWAR,2025-07-20 00:00:00,0.0,27.8,74,0.6944444444444444,1000.0,1000.0,Partly cloudy
HARIDWAR,2025-07-20 01:00:00,0.0,27.6,74,0.3055555555555556,999.0,999.0,Partly cloudy
HARIDWAR,2025-07-20 02:00:00,0.0,27.5,75,0.11111111111111112,999.0,999.0,Partly cloudy
HARIDWAR,2025-07-20 03:00:00,0.0,27.2,76,0.3055555555555556,999.0,999.0,Partly cloudy
HARIDWAR,2025-07-20 04:00:00,0.0,27.0,77,0.38888888888888884,999.0,999.0,Partly cloudy
HARIDWAR,2025-07-20 05:00:00,0.0,26.8,78,0.888888888888889,999.0,999.0,Partly cloudy
HARIDWAR,2025-07-20 06:00:00,0.0,27.3,79,0.6111111111111112,1000.0,1000.0,Partly cloudy
HARIDWAR,2025-07-20 07:00:00,0.01,28.6,73,1.1111111111111112,1000.0,1000.0,Patchy rain possible
HARIDWAR,2025-07-20 08:00:00,0.01,29.9,68,1.3055555555555556,1000.0,1000.0,Patchy rain possible
HARIDWAR,2025-07-20 09:00:00,0.0,31.4,62,1.5,1000.0,1000.0,Sunny
HARIDWAR,2025-07-20 10:00:00,0.0,32.7,58,1.8055555555555556,1000.0,1000.0,Sunny
HARIDWAR,2025-07-20 11:00:00,0.0,33.7,54,2.305555555555556,999.0,999.0,Partly cloudy
HARIDWAR,2025-07-20 12:00:00,0.01,34.4,51,2.8055555555555554,998.0,998.0,Patchy rain possible
HARIDWAR,2025-07-20 13:00:00,0.01,35.0,49,2.8055555555555554,997.0,997.0,Patchy rain possible
HARIDWAR,2025-07-20 14:00:00,0.02,35.3,48,2.305555555555556,997.0,997.0,Patchy rain possible
HARIDWAR,2025-07-20 15:00:00,0.02,35.2,48,1.5,996.0,996.0,Patchy rain possible
HARIDWAR,2025-07-20 16:00:00,0.01,34.5,52,0.6111111111111112,996.0,996.0,Patchy rain possible
HARIDWAR,2025-07-20 17:00:00,0.01,32.8,59,0.3055555555555556,996.0,996.0,Thundery outbreaks possible
HARIDWAR,2025-07-20 18:00:00,0.0,31.3,63,0.38888888888888884,997.0,997.0,Partly cloudy
HARIDWAR,2025-07-20 19:00:00,0.01,31.0,62,0.888888888888889,997.0,997.0,Patchy rain possible
HARIDWAR,2025-07-20 20:00:00,0.04,30.7,63,1.0,998.0,998.0,Patchy rain possible
HARIDWAR,2025-07-20 21:00:00,0.07,30.2,64,1.1111111111111112,998.0,998.0,Patchy rain possible
HARIDWAR,2025-07-20 22:00:00,0.06,29.3,70,1.5,998.0,998.0,Patchy rain possible
HARIDWAR,2025-07-20 23:00:00,0.25,28.3,77,1.8888888888888888,999.0,999.0,Light rain shower
HARIDWAR,2025-07-19 00:00:00,0.0,26.6,82,1.611111111111111,1001.0,1001.0,Partly cloudy
HARIDWAR,2025-07-19 01:00:00,0.0,26.2,82,1.3888888888888888,1001.0,1001.0,Partly cloudy
HARIDWAR,2025-07-19 02:00:00,0.0,26.0,83,1.3055555555555556,1000.0,1000.0,Partly cloudy
HARIDWAR,2025-07-19 03:00:00,0.0,25.8,84,1.1944444444444444,1000.0,1000.0,Partly cloudy
HARIDWAR,2025-07-19 04:00:00,0.0,25.5,85,1.1111111111111112,1000.0,1000.0,Partly cloudy
HARIDWAR,2025-07-19 05:00:00,0.0,25.3,86,1.1111111111111112,1000.0,1000.0,Partly cloudy
HARIDWAR,2025-07-19 06:00:00,0.0,26.2,85,1.0,1000.0,1000.0,Sunny
HARIDWAR,2025-07-19 07:00:00,0.0,27.6,79,1.3888888888888888,1001.0,1001.0,Sunny
HARIDWAR,2025-07-19 08:00:00,0.0,29.0,73,1.6944444444444442,1001.0,1001.0,Sunny
HARIDWAR,2025-07-19 09:00:00,0.0,30.5,68,1.8055555555555556,1001.0,1001.0,Sunny
HARIDWAR,2025-07-19 10:00:00,0.01,31.8,63,2.0,1001.0,1001.0,Patchy rain possible
HARIDWAR,2025-07-19 11:00:00,0.02,32.7,59,2.305555555555556,1001.0,1001.0,Thundery outbreaks possible
HARIDWAR,2025-07-19 12:00:00,0.03,33.3,57,2.694444444444444,1000.0,1000.0,Thundery outbreaks possible
HARIDWAR,2025-07-19 13:00:00,0.02,33.8,54,2.694444444444444,999.0,999.0,Thundery outbreaks possible
HARIDWAR,2025-07-19 14:00:00,0.03,33.5,56,2.611111111111111,998.0,998.0,Thundery outbreaks possible
HARIDWAR,2025-07-19 15:00:00,0.03,32.3,62,2.111111111111111,998.0,998.0,Thundery outbreaks possible
HARIDWAR,2025-07-19 16:00:00,0.01,30.7,69,2.1944444444444446,997.0,997.0,Thundery outbreaks possible
HARIDWAR,2025-07-19 17:00:00,0.0,29.7,73,2.0,997.0,997.0,Thundery outbreaks possible
HARIDWAR,2025-07-19 18:00:00,0.0,29.3,75,1.3888888888888888,997.0,997.0,Thundery outbreaks possible
HARIDWAR,2025-07-19 19:00:00,0.0,29.0,74,1.1944444444444444,998.0,998.0,Partly cloudy
HARIDWAR,2025-07-19 20:00:00,0.0,28.8,74,1.1944444444444444,998.0,998.0,Partly cloudy
HARIDWAR,2025-07-19 21:00:00,0.0,28.4,75,1.3055555555555556,999.0,999.0,Partly cloudy
HARIDWAR,2025-07-19 22:00:00,0.0,28.0,76,1.611111111111111,999.0,999.0,Partly cloudy
HARIDWAR,2025-07-19 23:00:00,0.0,27.5,78,1.3888888888888888,999.0,999.0,Partly cloudy
HARIDWAR,2025-07-18 00:00:00,0.0,25.2,85,1.8055555555555556,1004.0,1004.0,Partly cloudy
HARIDWAR,2025-07-18 01:00:00,0.0,25.1,86,1.3888888888888888,1004.0,1004.0,Partly cloudy
HARIDWAR,2025-07-18 02:00:00,0.0,24.7,86,1.6944444444444442,1003.0,1003.0,Partly cloudy
HARIDWAR,2025-07-18 03:00:00,0.0,24.5,85,1.5,1003.0,1003.0,Cloudy
HARIDWAR,2025-07-18 04:00:00,0.0,24.4,84,1.3055555555555556,1003.0,1003.0,Partly cloudy
HARIDWAR,2025-07-18 05:00:00,0.0,24.0,84,1.611111111111111,1003.0,1003.0,Partly cloudy
HARIDWAR,2025-07-18 06:00:00,0.0,25.0,82,1.6944444444444442,1003.0,1003.0,Partly cloudy
HARIDWAR,2025-07-18 07:00:00,0.0,26.8,76,1.1111111111111112,1004.0,1004.0,Sunny
HARIDWAR,2025-07-18 08:00:00,0.0,28.1,71,0.8055555555555555,1004.0,1004.0,Sunny
HARIDWAR,2025-07-18 09:00:00,0.0,30.5,61,1.1111111111111112,1004.0,1004.0,Partly cloudy
HARIDWAR,2025-07-18 10:00:00,0.0,31.9,56,0.888888888888889,1004.0,1004.0,Partly cloudy
HARIDWAR,2025-07-18 11:00:00,0.0,33.0,54,0.888888888888889,1003.0,1003.0,Partly cloudy
HARIDWAR,2025-07-18 12:00:00,0.01,33.9,51,1.1944444444444444,1003.0,1003.0,Patchy rain possible
HARIDWAR,2025-07-18 13:00:00,0.01,34.2,50,1.1944444444444444,1002.0,1002.0,Patchy rain possible
HARIDWAR,2025-07-18 14:00:00,0.07,34.2,51,0.8055555555555555,1001.0,1001.0,Patchy rain possible
HARIDWAR,2025-07-18 15:00:00,0.04,33.6,54,0.6944444444444444,1000.0,1000.0,Patchy rain possible
HARIDWAR,2025-07-18 16:00:00,0.18,32.7,60,0.6944444444444444,1000.0,1000.0,Patchy rain possible
HARIDWAR,2025-07-18 17:00:00,0.15,31.5,66,1.0,1000.0,1000.0,Patchy rain possible
HARIDWAR,2025-07-18 18:00:00,0.14,30.7,70,1.3055555555555556,1000.0,1000.0,Patchy rain possible
HARIDWAR,2025-07-18 19:00:00,0.0,29.3,72,1.6944444444444442,1000.0,1000.0,Partly cloudy
HARIDWAR,2025-07-18 20:00:00,0.0,28.7,74,1.8055555555555556,1001.0,1001.0,Partly cloudy
HARIDWAR,2025-07-18 21:00:00,0.0,28.2,75,1.8055555555555556,1001.0,1001.0,Partly cloudy
HARIDWAR,2025-07-18 22:00:00,0.0,27.9,76,2.0,1001.0,1001.0,Partly cloudy
HARIDWAR,2025-07-18 23:00:00,0.0,27.6,77,2.111111111111111,1000.0,1000.0,Partly cloudy
HARIDWAR,2025-07-17 00:00:00,0.3,25.7,89,1.6944444444444442,1002.0,1002.0,Patchy rain possible
HARIDWAR,2025-07-17 01:00:00,0.28,25.6,89,1.8055555555555556,1002.0,1002.0,Patchy rain possible
HARIDWAR,2025-07-17 02:00:00,0.1,25.6,89,2.0,1001.0,1001.0,Patchy rain possible
HARIDWAR,2025-07-17 03:00:00,0.41,25.1,90,2.305555555555556,1001.0,1001.0,Light rain shower
HARIDWAR,2025-07-17 04:00:00,0.47,25.0,91,2.5,1002.0,1002.0,Light rain shower
HARIDWAR,2025-07-17 05:00:00,0.82,24.5,92,2.694444444444444,1002.0,1002.0,Light rain shower
HARIDWAR,2025-07-17 06:00:00,1.55,24.2,93,2.305555555555556,1003.0,1003.0,Light rain
HARIDWAR,2025-07-17 07:00:00,1.39,24.5,93,2.0,1004.0,1004.0,Light rain
HARIDWAR,2025-07-17 08:00:00,1.03,24.5,92,2.5,1004.0,1004.0,Light rain
HARIDWAR,2025-07-17 09:00:00,0.63,24.4,92,2.388888888888889,1005.0,1005.0,Light drizzle
HARIDWAR,2025-07-17 10:00:00,0.71,24.5,93,2.1944444444444446,1005.0,1005.0,Light drizzle
HARIDWAR,2025-07-17 11:00:00,0.79,25.0,93,2.0,1005.0,1005.0,Light rain shower
HARIDWAR,2025-07-17 12:00:00,1.04,25.0,93,1.6944444444444442,1005.0,1005.0,Light rain
HARIDWAR,2025-07-17 13:00:00,1.15,25.1,92,1.8055555555555556,1005.0,1005.0,Light rain
HARIDWAR,2025-07-17 14:00:00,0.85,25.0,93,1.6944444444444442,1004.0,1004.0,Light rain
HARIDWAR,2025-07-17 15:00:00,0.4,25.3,92,1.1944444444444444,1004.0,1004.0,Light rain shower
HARIDWAR,2025-07-17 16:00:00,0.06,25.6,90,1.0,1004.0,1004.0,Patchy rain possible
HARIDWAR,2025-07-17 17:00:00,0.0,25.4,91,0.888888888888889,1003.0,1003.0,Partly cloudy
HARIDWAR,2025-07-17 18:00:00,0.0,25.3,91,1.0,1003.0,1003.0,Overcast
HARIDWAR,2025-07-17 19:00:00,0.0,25.2,91,0.8055555555555555,1003.0,1003.0,Cloudy
HARIDWAR,2025-07-17 20:00:00,0.0,25.2,90,1.0,1003.0,1003.0,Partly cloudy
HARIDWAR,2025-07-17 21:00:00,0.0,25.2,89,0.6944444444444444,1004.0,1004.0,Partly cloudy
HARIDWAR,2025-07-17 22:00:00,0.01,25.3,88,0.888888888888889,1004.0,1004.0,Patchy rain possible
HARIDWAR,2025-07-17 23:00:00,0.01,25.3,88,1.6944444444444442,1004.0,1004.0,Patchy rain possible
HARIDWAR,2025-07-16 00:00:00,2.1,25.4,92,1.6944444444444442,1002.0,1002.0,Light rain shower
HARIDWAR,2025-07-16 01:00:00,1.36,25.1,92,1.5,1001.0,1001.0,Light rain shower
HARIDWAR,2025-07-16 02:00:00,0.61,24.9,93,1.5,1001.0,1001.0,Patchy rain possible
HARIDWAR,2025-07-16 03:00:00,0.6,24.8,94,1.5,1001.0,1001.0,Light rain shower
HARIDWAR,2025-07-16 04:00:00,0.74,24.6,94,1.611111111111111,1001.0,1001.0,Light rain shower
HARIDWAR,2025-07-16 05:00:00,0.26,24.7,94,1.3888888888888888,1001.0,1001.0,Light rain shower
HARIDWAR,2025-07-16 06:00:00,0.04,25.3,91,1.3888888888888888,1002.0,1002.0,Patchy rain possible
HARIDWAR,2025-07-16 07:00:00,0.36,26.1,87,2.0,1002.0,1002.0,Light rain shower
HARIDWAR,2025-07-16 08:00:00,0.13,26.7,84,2.694444444444444,1003.0,1003.0,Patchy rain possible
HARIDWAR,2025-07-16 09:00:00,0.2,27.4,81,2.888888888888889,1003.0,1003.0,Light rain shower
HARIDWAR,2025-07-16 10:00:00,0.33,28.6,76,3.5,1003.0,1003.0,Light rain shower
HARIDWAR,2025-07-16 11:00:00,0.64,29.5,72,3.6944444444444446,1002.0,1002.0,Patchy rain possible
HARIDWAR,2025-07-16 12:00:00,1.1,30.3,70,3.8055555555555554,1002.0,1002.0,Light rain shower
HARIDWAR,2025-07-16 13:00:00,0.95,30.9,68,4.111111111111112,1001.0,1001.0,Light rain shower
HARIDWAR,2025-07-16 14:00:00,0.67,31.4,66,4.194444444444445,1001.0,1001.0,Light rain shower
HARIDWAR,2025-07-16 15:00:00,0.45,31.5,65,4.194444444444445,1001.0,1001.0,Light rain shower
HARIDWAR,2025-07-16 16:00:00,0.2,31.3,66,4.0,1001.0,1001.0,Patchy rain possible
HARIDWAR,2025-07-16 17:00:00,0.62,30.2,72,3.3055555555555554,1001.0,1001.0,Patchy rain possible
HARIDWAR,2025-07-16 18:00:00,0.82,28.5,81,2.388888888888889,1001.0,1001.0,Light rain shower
HARIDWAR,2025-07-16 19:00:00,0.13,27.0,85,1.8055555555555556,1001.0,1001.0,Patchy rain possible
HARIDWAR,2025-07-16 20:00:00,0.7,26.4,87,1.611111111111111,1002.0,1002.0,Patchy rain possible
HARIDWAR,2025-07-16 21:00:00,0.7,25.9,89,1.611111111111111,1002.0,1002.0,Patchy rain possible
HARIDWAR,2025-07-16 22:00:00,0.47,25.7,89,1.5,1003.0,1003.0,Patchy rain possible
HARIDWAR,2025-07-16 23:00:00,0.53,25.6,90,1.5,1003.0,1003.0,Light rain shower
HARIDWAR,2025-07-15 00:00:00,1.67,25.5,88,2.1944444444444446,1001.0,1001.0,Patchy rain possible
HARIDWAR,2025-07-15 01:00:00,2.41,25.0,91,1.8055555555555556,1001.0,1001.0,Light rain shower
HARIDWAR,2025-07-15 02:00:00,2.11,24.8,91,1.8055555555555556,1000.0,1000.0,Patchy rain possible
HARIDWAR,2025-07-15 03:00:00,0.95,24.7,91,1.3888888888888888,1000.0,1000.0,Patchy rain possible
HARIDWAR,2025-07-15 04:00:00,0.0,24.8,90,1.5,1000.0,1000.0,Partly cloudy
HARIDWAR,2025-07-15 05:00:00,0.0,25.0,88,1.1111111111111112,1000.0,1000.0,Clear
HARIDWAR,2025-07-15 06:00:00,0.04,26.1,85,1.1111111111111112,1001.0,1001.0,Patchy rain possible
HARIDWAR,2025-07-15 07:00:00,0.0,27.4,79,2.0,1001.0,1001.0,Partly cloudy
HARIDWAR,2025-07-15 08:00:00,0.0,28.8,74,2.8055555555555554,1001.0,1001.0,Partly cloudy
HARIDWAR,2025-07-15 09:00:00,0.23,30.3,67,3.1111111111111107,1001.0,1001.0,Patchy rain possible
HARIDWAR,2025-07-15 10:00:00,0.23,31.6,62,3.6944444444444446,1001.0,1001.0,Patchy rain possible
HARIDWAR,2025-07-15 11:00:00,0.45,32.5,59,4.111111111111112,1001.0,1001.0,Light rain shower
HARIDWAR,2025-07-15 12:00:00,0.49,33.2,57,4.694444444444444,1000.0,1000.0,Light rain shower
HARIDWAR,2025-07-15 13:00:00,0.39,33.6,55,5.111111111111111,1000.0,1000.0,Patchy rain possible
HARIDWAR,2025-07-15 14:00:00,0.45,33.2,58,5.0,999.0,999.0,Patchy rain possible
HARIDWAR,2025-07-15 15:00:00,0.6,32.7,60,4.805555555555555,999.0,999.0,Patchy rain possible
HARIDWAR,2025-07-15 16:00:00,0.52,32.4,62,4.0,999.0,999.0,Light rain shower
HARIDWAR,2025-07-15 17:00:00,0.86,31.1,69,3.1111111111111107,999.0,999.0,Light rain shower
HARIDWAR,2025-07-15 18:00:00,0.53,29.3,76,2.305555555555556,1000.0,1000.0,Patchy rain possible
HARIDWAR,2025-07-15 19:00:00,1.38,27.5,81,3.1111111111111107,1000.0,1000.0,Light rain shower
HARIDWAR,2025-07-15 20:00:00,0.17,26.6,85,3.0,1001.0,1001.0,Patchy rain possible
HARIDWAR,2025-07-15 21:00:00,0.09,26.3,86,2.388888888888889,1002.0,1002.0,Patchy rain possible
HARIDWAR,2025-07-15 22:00:00,0.02,26.0,87,2.5,1002.0,1002.0,Patchy rain possible
HARIDWAR,2025-07-15 23:00:00,0.06,26.1,86,2.1944444444444446,1002.0,1002.0,Patchy rain possible
RISHIKESH,2025-07-21 00:00:00,1.12,26.4,85,1.8055555555555556,1000.0,1000.0,Light rain
RISHIKESH,2025-07-21 01:00:00,1.7,26.1,88,2.1944444444444446,1000.0,1000.0,Light rain
RISHIKESH,2025-07-21 02:00:00,4.09,25.1,93,2.0,999.0,999.0,Moderate rain at times
RISHIKESH,2025-07-21 03:00:00,7.2,24.6,97,1.6944444444444442,999.0,999.0,Moderate rain
RISHIKESH,2025-07-21 04:00:00,10.31,24.1,98,1.5,1000.0,1000.0,Heavy rain
RISHIKESH,2025-07-21 05:00:00,9.84,24.5,98,1.3888888888888888,1000.0,1000.0,Heavy rain
RISHIKESH,2025-07-21 06:00:00,5.53,24.5,97,0.888888888888889,1001.0,1001.0,Moderate rain
RISHIKESH,2025-07-21 07:00:00,6.26,24.5,97,0.6944444444444444,1002.0,1002.0,Moderate rain
RISHIKESH,2025-07-21 08:00:00,7.22,24.2,97,1.1944444444444444,1003.0,1003.0,Moderate rain
RISHIKESH,2025-07-21 09:00:00,5.49,24.0,96,1.0,1003.0,1003.0,Moderate rain
RISHIKESH,2025-07-21 10:00:00,2.48,24.4,95,0.6944444444444444,1004.0,1004.0,Light rain shower
RISHIKESH,2025-07-21 11:00:00,1.71,24.9,94,1.1111111111111112,1004.0,1004.0,Light rain shower
RISHIKESH,2025-07-21 12:00:00,1.26,24.9,93,0.6944444444444444,1004.0,1004.0,Light rain
RISHIKESH,2025-07-21 13:00:00,0.75,25.1,92,0.11111111111111112,1004.0,1004.0,Light rain shower
RISHIKESH,2025-07-21 14:00:00,0.25,25.0,93,0.19444444444444442,1003.0,1003.0,Light rain shower
RISHIKESH,2025-07-21 15:00:00,0.11,25.0,94,1.1111111111111112,1003.0,1003.0,Patchy rain possible
RISHIKESH,2025-07-21 16:00:00,0.01,24.8,93,1.3055555555555556,1002.0,1002.0,Patchy rain possible
RISHIKESH,2025-07-21 17:00:00,0.0,24.9,91,1.3888888888888888,1002.0,1002.0,Overcast
RISHIKESH,2025-07-21 18:00:00,0.0,25.0,90,1.3888888888888888,1002.0,1002.0,Overcast
RISHIKESH,2025-07-21 19:00:00,0.0,24.7,90,1.611111111111111,1002.0,1002.0,Overcast
RISHIKESH,2025-07-21 20:00:00,0.0,24.7,90,1.3055555555555556,1002.0,1002.0,Overcast
RISHIKESH,2025-07-21 21:00:00,0.0,23.7,89,1.0,1002.0,1002.0,Cloudy
RISHIKESH,2025-07-21 22:00:00,0.0,23.3,88,1.0,1002.0,1002.0,Cloudy
RISHIKESH,2025-07-21 23:00:00,0.0,22.3,88,1.5,1002.0,1002.0,Overcast
RISHIKESH,2025-07-20 00:00:00,0.0,23.7,79,0.6111111111111112,1001.0,1001.0,Partly cloudy
RISHIKESH,2025-07-20 01:00:00,0.01,22.9,80,0.5,1000.0,1000.0,Patchy rain possible
RISHIKESH,2025-07-20 02:00:00,0.01,22.4,80,0.19444444444444442,1000.0,1000.0,Patchy rain possible
RISHIKESH,2025-07-20 03:00:00,0.0,22.0,81,0.38888888888888884,1000.0,1000.0,Partly cloudy
RISHIKESH,2025-07-20 04:00:00,0.0,21.8,82,0.19444444444444442,1000.0,1000.0,Partly cloudy
RISHIKESH,2025-07-20 05:00:00,0.0,21.6,83,0.6111111111111112,1000.0,1000.0,Partly cloudy
RISHIKESH,2025-07-20 06:00:00,0.0,22.3,83,0.19444444444444442,1001.0,1001.0,Partly cloudy
RISHIKESH,2025-07-20 07:00:00,0.04,23.4,77,0.6944444444444444,1001.0,1001.0,Patchy rain possible
RISHIKESH,2025-07-20 08:00:00,0.05,24.6,73,1.0,1001.0,1001.0,Patchy rain possible
RISHIKESH,2025-07-20 09:00:00,0.03,26.0,68,1.3055555555555556,1001.0,1001.0,Patchy rain possible
RISHIKESH,2025-07-20 10:00:00,0.03,28.6,63,1.6944444444444442,1000.0,1000.0,Patchy rain possible
RISHIKESH,2025-07-20 11:00:00,0.09,32.3,59,2.305555555555556,1000.0,1000.0,Patchy rain possible
RISHIKESH,2025-07-20 12:00:00,0.14,33.3,56,2.888888888888889,999.0,999.0,Patchy rain possible
RISHIKESH,2025-07-20 13:00:00,0.09,33.5,56,2.8055555555555554,998.0,998.0,Patchy rain possible
RISHIKESH,2025-07-20 14:00:00,0.09,33.5,55,2.305555555555556,998.0,998.0,Patchy rain possible
RISHIKESH,2025-07-20 15:00:00,0.12,33.2,58,1.5,997.0,997.0,Patchy rain possible
RISHIKESH,2025-07-20 16:00:00,0.09,32.4,62,0.6111111111111112,997.0,997.0,Thundery outbreaks possible
RISHIKESH,2025-07-20 17:00:00,0.08,31.0,67,0.888888888888889,997.0,997.0,Thundery outbreaks possible
RISHIKESH,2025-07-20 18:00:00,0.06,29.9,70,1.0,998.0,998.0,Patchy rain possible
RISHIKESH,2025-07-20 19:00:00,0.04,29.4,70,1.3055555555555556,998.0,998.0,Patchy rain possible
RISHIKESH,2025-07-20 20:00:00,0.19,29.1,70,1.1944444444444444,999.0,999.0,Patchy rain possible
RISHIKESH,2025-07-20 21:00:00,0.37,28.6,73,1.3055555555555556,999.0,999.0,Patchy rain possible
RISHIKESH,2025-07-20 22:00:00,0.33,25.7,79,1.8888888888888888,999.0,999.0,Light rain shower
RISHIKESH,2025-07-20 23:00:00,0.55,24.7,86,2.305555555555556,1000.0,1000.0,Light drizzle
RISHIKESH,2025-07-19 00:00:00,0.0,21.1,86,1.5,1002.0,1002.0,Partly cloudy
RISHIKESH,2025-07-19 01:00:00,0.0,21.0,87,1.3888888888888888,1001.0,1001.0,Partly cloudy
RISHIKESH,2025-07-19 02:00:00,0.0,20.7,87,1.3055555555555556,1001.0,1001.0,Cloudy
RISHIKESH,2025-07-19 03:00:00,0.0,20.5,87,1.1944444444444444,1001.0,1001.0,Cloudy
RISHIKESH,2025-07-19 04:00:00,0.0,20.4,88,1.1111111111111112,1001.0,1001.0,Clear
RISHIKESH,2025-07-19 05:00:00,0.0,20.2,88,1.1111111111111112,1001.0,1001.0,Clear
RISHIKESH,2025-07-19 06:00:00,0.0,21.2,87,0.888888888888889,1001.0,1001.0,Sunny
RISHIKESH,2025-07-19 07:00:00,0.0,22.7,80,0.6111111111111112,1002.0,1002.0,Partly cloudy
RISHIKESH,2025-07-19 08:00:00,0.0,24.2,75,1.1944444444444444,1002.0,1002.0,Partly cloudy
RISHIKESH,2025-07-19 09:00:00,0.01,25.6,69,1.611111111111111,1002.0,1002.0,Patchy rain possible
RISHIKESH,2025-07-19 10:00:00,0.03,26.8,66,1.8888888888888888,1002.0,1002.0,Thundery outbreaks possible
RISHIKESH,2025-07-19 11:00:00,0.05,31.7,64,2.305555555555556,1001.0,1001.0,Thundery outbreaks possible
RISHIKESH,2025-07-19 12:00:00,0.05,31.9,63,2.305555555555556,1001.0,1001.0,Thundery outbreaks possible
RISHIKESH,2025-07-19 13:00:00,0.1,32.0,64,1.6944444444444442,1000.0,1000.0,Thundery outbreaks possible
RISHIKESH,2025-07-19 14:00:00,0.11,31.3,67,1.1111111111111112,1000.0,1000.0,Thundery outbreaks possible
RISHIKESH,2025-07-19 15:00:00,0.1,30.0,74,1.0,999.0,999.0,Thundery outbreaks possible
RISHIKESH,2025-07-19 16:00:00,0.04,28.7,79,1.5,999.0,999.0,Thundery outbreaks possible
RISHIKESH,2025-07-19 17:00:00,0.02,28.2,81,1.8055555555555556,998.0,998.0,Thundery outbreaks possible
RISHIKESH,2025-07-19 18:00:00,0.01,28.1,81,1.5,998.0,998.0,Thundery outbreaks possible
RISHIKESH,2025-07-19 19:00:00,0.01,27.7,81,1.1111111111111112,999.0,999.0,Patchy rain possible
RISHIKESH,2025-07-19 20:00:00,0.0,27.6,80,1.1111111111111112,999.0,999.0,Partly cloudy
RISHIKESH,2025-07-19 21:00:00,0.0,27.4,79,1.0,1000.0,1000.0,Partly cloudy
RISHIKESH,2025-07-19 22:00:00,0.0,27.2,80,1.1111111111111112,1000.0,1000.0,Partly cloudy
RISHIKESH,2025-07-19 23:00:00,0.0,23.9,82,0.888888888888889,1000.0,1000.0,Cloudy
RISHIKESH,2025-07-18 00:00:00,0.0,20.3,86,1.5,1005.0,1005.0,Cloudy
RISHIKESH,2025-07-18 01:00:00,0.0,20.4,85,1.1944444444444444,1004.0,1004.0,Cloudy
RISHIKESH,2025-07-18 02:00:00,0.0,20.2,85,1.611111111111111,1004.0,1004.0,Overcast
RISHIKESH,2025-07-18 03:00:00,0.0,20.1,85,1.611111111111111,1004.0,1004.0,Cloudy
RISHIKESH,2025-07-18 04:00:00,0.0,20.1,84,1.5,1004.0,1004.0,Partly cloudy
RISHIKESH,2025-07-18 05:00:00,0.0,19.8,84,1.6944444444444442,1004.0,1004.0,Partly cloudy
RISHIKESH,2025-07-18 06:00:00,0.0,20.6,83,1.6944444444444442,1004.0,1004.0,Partly cloudy
RISHIKESH,2025-07-18 07:00:00,0.0,22.3,78,1.1111111111111112,1004.0,1004.0,Sunny
RISHIKESH,2025-07-18 08:00:00,0.0,23.3,74,0.3055555555555556,1005.0,1005.0,Partly cloudy
RISHIKESH,2025-07-18 09:00:00,0.0,25.4,65,0.888888888888889,1005.0,1005.0,Partly cloudy
RISHIKESH,2025-07-18 10:00:00,0.0,27.1,58,1.5,1005.0,1005.0,Partly cloudy
RISHIKESH,2025-07-18 11:00:00,0.0,32.2,56,1.8888888888888888,1004.0,1004.0,Partly cloudy
RISHIKESH,2025-07-18 12:00:00,0.02,32.9,55,2.0,1004.0,1004.0,Patchy rain possible
RISHIKESH,2025-07-18 13:00:00,0.04,32.9,55,1.8888888888888888,1003.0,1003.0,Patchy rain possible
RISHIKESH,2025-07-18 14:00:00,0.14,32.9,56,1.3888888888888888,1002.0,1002.0,Patchy rain possible
RISHIKESH,2025-07-18 15:00:00,0.05,32.2,61,0.888888888888889,1001.0,1001.0,Patchy rain possible
RISHIKESH,2025-07-18 16:00:00,0.28,31.5,66,0.38888888888888884,1001.0,1001.0,Patchy rain possible
RISHIKESH,2025-07-18 17:00:00,0.18,30.5,70,0.19444444444444442,1001.0,1001.0,Patchy rain possible
RISHIKESH,2025-07-18 18:00:00,0.17,29.6,76,0.6111111111111112,1001.0,1001.0,Patchy rain possible
RISHIKESH,2025-07-18 19:00:00,0.0,27.9,79,1.1944444444444444,1001.0,1001.0,Partly cloudy
RISHIKESH,2025-07-18 20:00:00,0.0,27.4,81,1.5,1002.0,1002.0,Partly cloudy
RISHIKESH,2025-07-18 21:00:00,0.0,27.0,82,1.6944444444444442,1002.0,1002.0,Partly cloudy
RISHIKESH,2025-07-18 22:00:00,0.0,26.8,82,1.8055555555555556,1002.0,1002.0,Partly cloudy
RISHIKESH,2025-07-18 23:00:00,0.0,23.9,82,1.8888888888888888,1001.0,1001.0,Partly cloudy
RISHIKESH,2025-07-17 00:00:00,0.24,21.2,90,0.6944444444444444,1003.0,1003.0,Light rain shower
RISHIKESH,2025-07-17 01:00:00,0.32,20.6,91,0.6944444444444444,1003.0,1003.0,Patchy light drizzle
RISHIKESH,2025-07-17 02:00:00,0.19,20.6,91,0.8055555555555555,1002.0,1002.0,Patchy rain possible
RISHIKESH,2025-07-17 03:00:00,0.43,20.4,92,0.888888888888889,1002.0,1002.0,Patchy light drizzle
RISHIKESH,2025-07-17 04:00:00,0.64,20.4,93,1.0,1002.0,1002.0,Light rain shower
RISHIKESH,2025-07-17 05:00:00,1.4,20.0,95,1.1111111111111112,1003.0,1003.0,Light rain
RISHIKESH,2025-07-17 06:00:00,2.79,19.9,96,0.888888888888889,1003.0,1003.0,Moderate rain
RISHIKESH,2025-07-17 07:00:00,2.81,19.9,96,0.8055555555555555,1004.0,1004.0,Moderate rain
RISHIKESH,2025-07-17 08:00:00,2.7,19.9,97,1.1111111111111112,1005.0,1005.0,Moderate rain
RISHIKESH,2025-07-17 09:00:00,2.44,19.8,97,1.0,1005.0,1005.0,Light rain
RISHIKESH,2025-07-17 10:00:00,2.29,21.0,96,0.8055555555555555,1005.0,1005.0,Light rain
RISHIKESH,2025-07-17 11:00:00,2.07,24.5,96,0.5,1006.0,1006.0,Light rain
RISHIKESH,2025-07-17 12:00:00,1.98,24.4,96,0.3055555555555556,1006.0,1006.0,Light rain
RISHIKESH,2025-07-17 13:00:00,1.74,24.5,96,0.6111111111111112,1005.0,1005.0,Light rain
RISHIKESH,2025-07-17 14:00:00,1.46,24.6,95,1.0,1005.0,1005.0,Light rain
RISHIKESH,2025-07-17 15:00:00,0.82,24.9,94,0.8055555555555555,1005.0,1005.0,Light rain
RISHIKESH,2025-07-17 16:00:00,0.19,25.1,93,0.8055555555555555,1005.0,1005.0,Light rain shower
RISHIKESH,2025-07-17 17:00:00,0.03,25.0,94,1.1111111111111112,1004.0,1004.0,Patchy rain possible
RISHIKESH,2025-07-17 18:00:00,0.0,24.9,93,1.3055555555555556,1004.0,1004.0,Partly cloudy
RISHIKESH,2025-07-17 19:00:00,0.0,24.7,92,1.3055555555555556,1004.0,1004.0,Cloudy
RISHIKESH,2025-07-17 20:00:00,0.0,24.7,91,1.5,1004.0,1004.0,Cloudy
RISHIKESH,2025-07-17 21:00:00,0.0,24.7,90,1.3055555555555556,1004.0,1004.0,Partly cloudy
RISHIKESH,2025-07-17 22:00:00,0.01,24.8,89,1.3055555555555556,1005.0,1005.0,Patchy rain possible
RISHIKESH,2025-07-17 23:00:00,0.05,22.2,89,1.8055555555555556,1005.0,1005.0,Patchy rain possible
RISHIKESH,2025-07-16 00:00:00,2.07,20.4,92,0.8055555555555555,1003.0,1003.0,Patchy rain possible
RISHIKESH,2025-07-16 01:00:00,1.25,20.3,93,0.6944444444444444,1002.0,1002.0,Light rain shower
RISHIKESH,2025-07-16 02:00:00,0.63,20.3,93,0.5,1002.0,1002.0,Patchy rain possible
RISHIKESH,2025-07-16 03:00:00,0.61,20.2,93,0.19444444444444442,1001.0,1001.0,Patchy rain possible
RISHIKESH,2025-07-16 04:00:00,0.64,20.1,93,0.38888888888888884,1001.0,1001.0,Patchy rain possible
RISHIKESH,2025-07-16 05:00:00,0.2,20.0,93,0.38888888888888884,1002.0,1002.0,Patchy rain possible
RISHIKESH,2025-07-16 06:00:00,0.15,20.6,91,0.6111111111111112,1002.0,1002.0,Patchy rain possible
RISHIKESH,2025-07-16 07:00:00,0.68,21.6,88,1.0,1003.0,1003.0,Light rain shower
RISHIKESH,2025-07-16 08:00:00,0.45,22.1,85,1.3888888888888888,1003.0,1003.0,Light rain shower
RISHIKESH,2025-07-16 09:00:00,0.47,22.5,84,1.3888888888888888,1003.0,1003.0,Light rain shower
RISHIKESH,2025-07-16 10:00:00,0.48,24.3,82,1.6944444444444442,1003.0,1003.0,Patchy rain possible
RISHIKESH,2025-07-16 11:00:00,0.73,28.0,79,1.611111111111111,1003.0,1003.0,Light rain shower
RISHIKESH,2025-07-16 12:00:00,0.92,29.2,75,1.8888888888888888,1002.0,1002.0,Light rain shower
RISHIKESH,2025-07-16 13:00:00,1.1,30.1,72,2.388888888888889,1002.0,1002.0,Light rain shower
RISHIKESH,2025-07-16 14:00:00,0.93,30.3,72,2.5,1002.0,1002.0,Light rain shower
RISHIKESH,2025-07-16 15:00:00,0.9,30.3,71,2.388888888888889,1002.0,1002.0,Light rain shower
RISHIKESH,2025-07-16 16:00:00,0.49,30.1,72,2.1944444444444446,1001.0,1001.0,Patchy rain possible
RISHIKESH,2025-07-16 17:00:00,0.7,29.3,77,1.6944444444444442,1002.0,1002.0,Light rain shower
RISHIKESH,2025-07-16 18:00:00,0.73,27.8,85,0.8055555555555555,1002.0,1002.0,Patchy rain possible
RISHIKESH,2025-07-16 19:00:00,0.28,26.3,88,0.5,1002.0,1002.0,Patchy rain possible
RISHIKESH,2025-07-16 20:00:00,0.6,25.8,89,1.0,1003.0,1003.0,Patchy rain possible
RISHIKESH,2025-07-16 21:00:00,0.45,25.3,90,1.1944444444444444,1003.0,1003.0,Light rain shower
RISHIKESH,2025-07-16 22:00:00,0.21,25.3,90,0.888888888888889,1004.0,1004.0,Light rain shower
RISHIKESH,2025-07-16 23:00:00,0.56,25.2,89,0.6944444444444444,1004.0,1004.0,Light rain shower
RISHIKESH,2025-07-15 00:00:00,2.1,20.4,89,2.305555555555556,1002.0,1002.0,Light rain shower
RISHIKESH,2025-07-15 01:00:00,2.94,20.2,91,1.3888888888888888,1002.0,1002.0,Moderate or heavy rain shower
RISHIKESH,2025-07-15 02:00:00,1.27,20.1,91,1.6944444444444442,1001.0,1001.0,Patchy rain possible
RISHIKESH,2025-07-15 03:00:00,0.52,20.0,91,1.3888888888888888,1001.0,1001.0,Patchy rain possible
RISHIKESH,2025-07-15 04:00:00,0.0,20.0,90,1.5,1000.0,1000.0,Partly cloudy
RISHIKESH,2025-07-15 05:00:00,0.0,20.1,89,1.3055555555555556,1001.0,1001.0,Partly cloudy
RISHIKESH,2025-07-15 06:00:00,0.0,21.2,87,0.888888888888889,1001.0,1001.0,Partly cloudy
RISHIKESH,2025-07-15 07:00:00,0.0,22.6,81,0.6111111111111112,1002.0,1002.0,Partly cloudy
RISHIKESH,2025-07-15 08:00:00,0.08,23.8,76,1.3888888888888888,1002.0,1002.0,Patchy rain possible
RISHIKESH,2025-07-15 09:00:00,0.49,25.1,72,1.1944444444444444,1002.0,1002.0,Patchy light drizzle
RISHIKESH,2025-07-15 10:00:00,0.42,26.3,66,1.6944444444444442,1002.0,1002.0,Light rain shower
RISHIKESH,2025-07-15 11:00:00,0.94,29.6,65,2.111111111111111,1002.0,1002.0,Light rain shower
RISHIKESH,2025-07-15 12:00:00,0.98,31.8,65,2.111111111111111,1001.0,1001.0,Light rain shower
RISHIKESH,2025-07-15 13:00:00,0.98,32.1,64,2.388888888888889,1001.0,1001.0,Light rain shower
RISHIKESH,2025-07-15 14:00:00,0.99,32.1,64,2.888888888888889,1000.0,1000.0,Patchy rain possible
RISHIKESH,2025-07-15 15:00:00,0.99,31.6,67,2.694444444444444,1000.0,1000.0,Light rain shower
RISHIKESH,2025-07-15 16:00:00,0.86,31.0,69,2.1944444444444446,1000.0,1000.0,Light rain shower
RISHIKESH,2025-07-15 17:00:00,0.91,29.8,76,1.5,1000.0,1000.0,Light rain shower
RISHIKESH,2025-07-15 18:00:00,0.99,28.3,81,0.6111111111111112,1000.0,1000.0,Light rain shower
RISHIKESH,2025-07-15 19:00:00,1.27,26.7,85,1.3055555555555556,1001.0,1001.0,Patchy rain possible
RISHIKESH,2025-07-15 20:00:00,0.59,25.9,88,1.5,1002.0,1002.0,Patchy rain possible
RISHIKESH,2025-07-15 21:00:00,0.31,25.7,89,1.3055555555555556,1002.0,1002.0,Light rain shower
RISHIKESH,2025-07-15 22:00:00,0.09,24.9,89,1.3055555555555556,1003.0,1003.0,Patchy rain possible
RISHIKESH,2025-07-15 23:00:00,0.15,23.2,88,1.3888888888888888,1003.0,1003.0,Patchy rain possible
TEHRI,2025-07-21 00:00:00,1.17,21.6,91,1.611111111111111,1002.0,1002.0,Light rain
TEHRI,2025-07-21 01:00:00,3.34,21.3,94,1.611111111111111,1002.0,1002.0,Moderate rain
TEHRI,2025-07-21 02:00:00,4.03,20.8,97,1.3055555555555556,1001.0,1001.0,Moderate rain
TEHRI,2025-07-21 03:00:00,5.71,20.3,98,1.3888888888888888,1001.0,1001.0,Moderate rain
TEHRI,2025-07-21 04:00:00,12.53,19.8,98,1.3055555555555556,1001.0,1001.0,Heavy rain
TEHRI,2025-07-21 05:00:00,10.25,19.1,99,1.5,1001.0,1001.0,Heavy rain
TEHRI,2025-07-21 06:00:00,4.57,18.8,98,1.3888888888888888,1003.0,1003.0,Moderate rain
TEHRI,2025-07-21 07:00:00,5.47,18.9,98,1.0,1003.0,1003.0,Moderate rain
TEHRI,2025-07-21 08:00:00,8.41,18.9,98,1.3055555555555556,1004.0,1004.0,Heavy rain
TEHRI,2025-07-21 09:00:00,8.01,19.0,98,1.3888888888888888,1004.0,1004.0,Heavy rain
TEHRI,2025-07-21 10:00:00,6.19,18.9,99,1.3055555555555556,1005.0,1005.0,Moderate rain
TEHRI,2025-07-21 11:00:00,4.72,18.9,99,1.3055555555555556,1005.0,1005.0,Moderate rain
TEHRI,2025-07-21 12:00:00,4.12,18.7,99,1.1944444444444444,1005.0,1005.0,Moderate rain
TEHRI,2025-07-21 13:00:00,2.88,18.3,98,0.8055555555555555,1005.0,1005.0,Moderate rain
TEHRI,2025-07-21 14:00:00,1.35,18.4,98,0.5,1005.0,1005.0,Light rain
TEHRI,2025-07-21 15:00:00,0.54,18.4,97,0.38888888888888884,1005.0,1005.0,Light drizzle
TEHRI,2025-07-21 16:00:00,0.07,18.7,96,0.38888888888888884,1004.0,1004.0,Mist
TEHRI,2025-07-21 17:00:00,0.02,19.7,95,0.19444444444444442,1004.0,1004.0,Patchy rain possible
TEHRI,2025-07-21 18:00:00,0.0,20.5,95,0.888888888888889,1004.0,1004.0,Mist
TEHRI,2025-07-21 19:00:00,0.0,20.5,94,1.3888888888888888,1004.0,1004.0,Mist
TEHRI,2025-07-21 20:00:00,0.0,20.2,93,1.5,1004.0,1004.0,Overcast
TEHRI,2025-07-21 21:00:00,0.0,20.2,92,1.3055555555555556,1004.0,1004.0,Overcast
TEHRI,2025-07-21 22:00:00,0.0,20.2,91,0.5,1004.0,1004.0,Cloudy
TEHRI,2025-07-21 23:00:00,0.0,20.8,91,1.1944444444444444,1004.0,1004.0,Cloudy
TEHRI,2025-07-20 00:00:00,0.03,22.9,88,0.38888888888888884,1003.0,1003.0,Thundery outbreaks possible
TEHRI,2025-07-20 01:00:00,0.01,21.6,88,0.3055555555555556,1002.0,1002.0,Patchy rain possible
TEHRI,2025-07-20 02:00:00,0.02,21.0,89,0.19444444444444442,1002.0,1002.0,Patchy rain possible
TEHRI,2025-07-20 03:00:00,0.02,20.6,90,0.19444444444444442,1002.0,1002.0,Patchy rain possible
TEHRI,2025-07-20 04:00:00,0.01,20.5,91,0.19444444444444442,1002.0,1002.0,Patchy rain possible
TEHRI,2025-07-20 05:00:00,0.01,19.8,91,0.6944444444444444,1002.0,1002.0,Patchy rain possible
TEHRI,2025-07-20 06:00:00,0.01,20.5,90,0.5,1002.0,1002.0,Patchy rain possible
TEHRI,2025-07-20 07:00:00,0.05,21.2,87,0.888888888888889,1003.0,1003.0,Patchy rain possible
TEHRI,2025-07-20 08:00:00,0.12,22.0,84,1.3055555555555556,1003.0,1003.0,Patchy rain possible
TEHRI,2025-07-20 09:00:00,0.12,22.7,81,1.6944444444444442,1003.0,1003.0,Patchy rain possible
TEHRI,2025-07-20 10:00:00,0.17,23.5,78,2.0,1002.0,1002.0,Light rain shower
TEHRI,2025-07-20 11:00:00,0.28,24.1,76,2.305555555555556,1002.0,1002.0,Patchy light drizzle
TEHRI,2025-07-20 12:00:00,0.89,24.5,75,2.611111111111111,1001.0,1001.0,Light rain shower
TEHRI,2025-07-20 13:00:00,1.13,24.7,75,2.5,1001.0,1001.0,Patchy light rain
TEHRI,2025-07-20 14:00:00,0.69,24.7,76,2.388888888888889,1000.0,1000.0,Patchy rain possible
TEHRI,2025-07-20 15:00:00,1.09,24.3,77,2.0,1000.0,1000.0,Light rain shower
TEHRI,2025-07-20 16:00:00,0.55,24.4,79,1.3888888888888888,1000.0,1000.0,Patchy rain possible
TEHRI,2025-07-20 17:00:00,0.67,25.3,81,1.0,1000.0,1000.0,Patchy rain possible
TEHRI,2025-07-20 18:00:00,0.72,25.0,84,0.11111111111111112,1000.0,1000.0,Patchy rain possible
TEHRI,2025-07-20 19:00:00,0.18,24.6,84,0.5,1001.0,1001.0,Light rain shower
TEHRI,2025-07-20 20:00:00,0.34,24.0,86,0.8055555555555555,1001.0,1001.0,Light rain shower
TEHRI,2025-07-20 21:00:00,0.42,23.9,87,0.6111111111111112,1002.0,1002.0,Light rain shower
TEHRI,2025-07-20 22:00:00,0.3,23.3,89,0.38888888888888884,1002.0,1002.0,Light rain shower
TEHRI,2025-07-20 23:00:00,0.25,23.3,90,0.6944444444444444,1002.0,1002.0,Light rain shower
TEHRI,2025-07-19 00:00:00,0.0,20.7,91,1.6944444444444442,1004.0,1004.0,Partly cloudy
TEHRI,2025-07-19 01:00:00,0.0,20.6,91,1.611111111111111,1004.0,1004.0,Overcast
TEHRI,2025-07-19 02:00:00,0.0,20.5,91,1.5,1003.0,1003.0,Partly cloudy
TEHRI,2025-07-19 03:00:00,0.0,20.6,91,1.3055555555555556,1003.0,1003.0,Partly cloudy
TEHRI,2025-07-19 04:00:00,0.0,19.2,91,1.1111111111111112,1003.0,1003.0,Partly cloudy
TEHRI,2025-07-19 05:00:00,0.0,18.7,91,1.1944444444444444,1003.0,1003.0,Partly cloudy
TEHRI,2025-07-19 06:00:00,0.0,19.7,90,1.0,1003.0,1003.0,Partly cloudy
TEHRI,2025-07-19 07:00:00,0.0,21.3,84,0.38888888888888884,1003.0,1003.0,Cloudy
TEHRI,2025-07-19 08:00:00,0.0,22.7,79,1.1944444444444444,1003.0,1003.0,Cloudy
TEHRI,2025-07-19 09:00:00,0.02,23.9,75,1.611111111111111,1003.0,1003.0,Patchy rain possible
TEHRI,2025-07-19 10:00:00,0.05,24.6,73,2.0,1003.0,1003.0,Patchy rain possible
TEHRI,2025-07-19 11:00:00,0.14,24.6,73,2.388888888888889,1003.0,1003.0,Patchy rain possible
TEHRI,2025-07-19 12:00:00,0.27,23.9,77,2.388888888888889,1003.0,1003.0,Patchy light drizzle
TEHRI,2025-07-19 13:00:00,0.33,23.1,83,2.0,1002.0,1002.0,Light drizzle
TEHRI,2025-07-19 14:00:00,0.2,22.7,85,1.6944444444444442,1002.0,1002.0,Patchy light rain with thunder
TEHRI,2025-07-19 15:00:00,0.1,22.7,85,1.1944444444444444,1002.0,1002.0,Thundery outbreaks possible
TEHRI,2025-07-19 16:00:00,0.17,23.0,84,1.0,1001.0,1001.0,Patchy light rain with thunder
TEHRI,2025-07-19 17:00:00,0.12,23.7,85,0.8055555555555555,1001.0,1001.0,Thundery outbreaks possible
TEHRI,2025-07-19 18:00:00,0.14,24.5,88,0.5,1001.0,1001.0,Thundery outbreaks possible
TEHRI,2025-07-19 19:00:00,0.02,23.4,90,0.5,1001.0,1001.0,Thundery outbreaks possible
TEHRI,2025-07-19 20:00:00,0.03,23.2,89,0.6944444444444444,1001.0,1001.0,Thundery outbreaks possible
TEHRI,2025-07-19 21:00:00,0.01,22.9,89,0.8055555555555555,1002.0,1002.0,Patchy rain possible
TEHRI,2025-07-19 22:00:00,0.0,22.7,88,0.38888888888888884,1002.0,1002.0,Partly cloudy
TEHRI,2025-07-19 23:00:00,0.01,22.1,89,0.11111111111111112,1002.0,1002.0,Patchy rain possible
TEHRI,2025-07-18 00:00:00,0.14,22.5,86,2.111111111111111,1007.0,1007.0,Patchy rain possible
TEHRI,2025-07-18 01:00:00,0.11,22.3,87,1.8055555555555556,1007.0,1007.0,Patchy rain possible
TEHRI,2025-07-18 02:00:00,0.0,22.1,88,2.111111111111111,1006.0,1006.0,Partly cloudy
TEHRI,2025-07-18 03:00:00,0.0,22.1,87,2.0,1006.0,1006.0,Partly cloudy
TEHRI,2025-07-18 04:00:00,0.0,22.1,86,1.8055555555555556,1006.0,1006.0,Partly cloudy
TEHRI,2025-07-18 05:00:00,0.0,18.6,86,1.3888888888888888,1006.0,1006.0,Partly cloudy
TEHRI,2025-07-18 06:00:00,0.0,19.1,86,1.1944444444444444,1006.0,1006.0,Partly cloudy
TEHRI,2025-07-18 07:00:00,0.0,20.8,81,0.38888888888888884,1006.0,1006.0,Partly cloudy
TEHRI,2025-07-18 08:00:00,0.0,21.9,76,1.0,1007.0,1007.0,Partly cloudy
TEHRI,2025-07-18 09:00:00,0.0,22.7,73,1.611111111111111,1007.0,1007.0,Partly cloudy
TEHRI,2025-07-18 10:00:00,0.0,23.8,69,2.111111111111111,1007.0,1007.0,Partly cloudy
TEHRI,2025-07-18 11:00:00,0.02,24.6,67,2.388888888888889,1006.0,1006.0,Patchy rain possible
TEHRI,2025-07-18 12:00:00,0.04,24.7,69,2.5,1006.0,1006.0,Patchy rain possible
TEHRI,2025-07-18 13:00:00,0.12,24.6,70,2.388888888888889,1005.0,1005.0,Patchy rain possible
TEHRI,2025-07-18 14:00:00,0.21,24.6,72,2.1944444444444446,1004.0,1004.0,Patchy rain possible
TEHRI,2025-07-18 15:00:00,0.37,24.5,74,2.0,1004.0,1004.0,Patchy light drizzle
TEHRI,2025-07-18 16:00:00,0.08,24.1,76,1.5,1003.0,1003.0,Patchy rain possible
TEHRI,2025-07-18 17:00:00,0.07,25.1,79,1.3055555555555556,1003.0,1003.0,Patchy rain possible
TEHRI,2025-07-18 18:00:00,0.03,24.4,86,1.0,1003.0,1003.0,Patchy rain possible
TEHRI,2025-07-18 19:00:00,0.0,22.3,89,0.11111111111111112,1004.0,1004.0,Partly cloudy
TEHRI,2025-07-18 20:00:00,0.0,22.3,90,0.8055555555555555,1004.0,1004.0,Partly cloudy
TEHRI,2025-07-18 21:00:00,0.0,22.9,90,1.1111111111111112,1004.0,1004.0,Partly cloudy
TEHRI,2025-07-18 22:00:00,0.03,23.4,90,1.1111111111111112,1004.0,1004.0,Patchy rain possible
TEHRI,2025-07-18 23:00:00,0.03,23.7,89,1.0,1004.0,1004.0,Patchy rain possible
TEHRI,2025-07-17 00:00:00,0.37,22.9,93,0.3055555555555556,1005.0,1005.0,Light rain shower
TEHRI,2025-07-17 01:00:00,0.32,22.8,94,0.38888888888888884,1004.0,1004.0,Light rain shower
TEHRI,2025-07-17 02:00:00,0.77,22.6,95,0.38888888888888884,1004.0,1004.0,Light rain shower
TEHRI,2025-07-17 03:00:00,0.47,22.5,96,0.5,1004.0,1004.0,Light rain shower
TEHRI,2025-07-17 04:00:00,0.61,22.3,97,0.888888888888889,1004.0,1004.0,Light rain shower
TEHRI,2025-07-17 05:00:00,1.56,18.6,99,0.888888888888889,1004.0,1004.0,Light rain shower
TEHRI,2025-07-17 06:00:00,2.72,18.8,99,1.1111111111111112,1005.0,1005.0,Moderate rain
TEHRI,2025-07-17 07:00:00,4.34,18.8,99,1.3055555555555556,1005.0,1005.0,Moderate rain
TEHRI,2025-07-17 08:00:00,6.31,18.7,99,1.3055555555555556,1006.0,1006.0,Moderate rain
TEHRI,2025-07-17 09:00:00,8.28,18.5,99,1.1944444444444444,1006.0,1006.0,Heavy rain
TEHRI,2025-07-17 10:00:00,7.41,18.4,99,0.888888888888889,1007.0,1007.0,Moderate rain
TEHRI,2025-07-17 11:00:00,6.6,18.3,99,0.6111111111111112,1007.0,1007.0,Moderate rain
TEHRI,2025-07-17 12:00:00,6.18,18.5,99,0.6944444444444444,1007.0,1007.0,Moderate rain
TEHRI,2025-07-17 13:00:00,4.19,18.6,98,0.6944444444444444,1007.0,1007.0,Moderate rain
TEHRI,2025-07-17 14:00:00,1.72,18.9,96,0.6944444444444444,1007.0,1007.0,Light rain
TEHRI,2025-07-17 15:00:00,1.04,19.1,96,0.888888888888889,1006.0,1006.0,Light rain
TEHRI,2025-07-17 16:00:00,0.47,19.2,95,1.0,1006.0,1006.0,Light rain shower
TEHRI,2025-07-17 17:00:00,0.1,20.8,94,1.3888888888888888,1006.0,1006.0,Patchy rain possible
TEHRI,2025-07-17 18:00:00,0.0,21.5,93,1.611111111111111,1006.0,1006.0,Partly cloudy
TEHRI,2025-07-17 19:00:00,0.0,21.8,93,1.6944444444444442,1006.0,1006.0,Partly cloudy
TEHRI,2025-07-17 20:00:00,0.01,22.4,92,2.0,1006.0,1006.0,Patchy rain possible
TEHRI,2025-07-17 21:00:00,0.05,22.4,91,2.111111111111111,1006.0,1006.0,Patchy rain possible
TEHRI,2025-07-17 22:00:00,0.16,22.3,92,1.8888888888888888,1007.0,1007.0,Light drizzle
TEHRI,2025-07-17 23:00:00,0.15,22.2,92,1.8888888888888888,1007.0,1007.0,Light drizzle
TEHRI,2025-07-16 00:00:00,0.88,22.5,93,0.5,1005.0,1005.0,Light rain shower
TEHRI,2025-07-16 01:00:00,1.34,22.5,94,0.8055555555555555,1004.0,1004.0,Light rain shower
TEHRI,2025-07-16 02:00:00,1.38,22.6,94,0.888888888888889,1003.0,1003.0,Light rain shower
TEHRI,2025-07-16 03:00:00,0.91,22.8,93,0.38888888888888884,1003.0,1003.0,Patchy rain possible
TEHRI,2025-07-16 04:00:00,0.62,22.8,93,0.19444444444444442,1003.0,1003.0,Light rain shower
TEHRI,2025-07-16 05:00:00,0.58,19.1,93,0.38888888888888884,1003.0,1003.0,Light rain shower
TEHRI,2025-07-16 06:00:00,0.45,19.5,92,0.5,1004.0,1004.0,Light rain shower
TEHRI,2025-07-16 07:00:00,1.21,19.9,91,0.5,1004.0,1004.0,Light rain shower
TEHRI,2025-07-16 08:00:00,0.97,20.2,90,0.38888888888888884,1005.0,1005.0,Light rain shower
TEHRI,2025-07-16 09:00:00,0.73,20.4,90,0.19444444444444442,1005.0,1005.0,Light rain shower
TEHRI,2025-07-16 10:00:00,0.78,20.8,88,0.3055555555555556,1005.0,1005.0,Light rain shower
TEHRI,2025-07-16 11:00:00,0.91,22.1,83,1.1944444444444444,1005.0,1005.0,Light rain shower
TEHRI,2025-07-16 12:00:00,1.19,22.8,82,1.6944444444444442,1004.0,1004.0,Light rain shower
TEHRI,2025-07-16 13:00:00,1.55,22.9,83,2.305555555555556,1004.0,1004.0,Patchy rain possible
TEHRI,2025-07-16 14:00:00,1.64,22.2,87,2.305555555555556,1004.0,1004.0,Light rain shower
TEHRI,2025-07-16 15:00:00,1.87,22.2,87,2.111111111111111,1004.0,1004.0,Light rain shower
TEHRI,2025-07-16 16:00:00,1.75,21.8,89,1.8055555555555556,1004.0,1004.0,Light rain shower
TEHRI,2025-07-16 17:00:00,0.96,22.6,91,1.1944444444444444,1004.0,1004.0,Light rain shower
TEHRI,2025-07-16 18:00:00,0.97,22.7,93,0.5,1004.0,1004.0,Light rain shower
TEHRI,2025-07-16 19:00:00,0.79,21.8,94,0.11111111111111112,1005.0,1005.0,Light rain shower
TEHRI,2025-07-16 20:00:00,0.16,21.4,93,0.6111111111111112,1005.0,1005.0,Patchy rain possible
TEHRI,2025-07-16 21:00:00,0.12,20.8,92,1.0,1005.0,1005.0,Patchy rain possible
TEHRI,2025-07-16 22:00:00,0.09,21.4,91,0.8055555555555555,1006.0,1006.0,Patchy rain possible
TEHRI,2025-07-16 23:00:00,0.11,21.9,91,0.38888888888888884,1006.0,1006.0,Patchy rain possible
TEHRI,2025-07-15 00:00:00,0.64,23.3,85,1.8888888888888888,1004.0,1004.0,Light rain shower
TEHRI,2025-07-15 01:00:00,1.33,23.0,86,1.8888888888888888,1004.0,1004.0,Light rain shower
TEHRI,2025-07-15 02:00:00,0.5,22.8,88,1.6944444444444442,1003.0,1003.0,Light rain shower
TEHRI,2025-07-15 03:00:00,0.3,22.8,87,1.611111111111111,1003.0,1003.0,Patchy rain possible
TEHRI,2025-07-15 04:00:00,0.0,22.7,87,1.3055555555555556,1002.0,1002.0,Partly cloudy
TEHRI,2025-07-15 05:00:00,0.0,18.9,87,1.0,1003.0,1003.0,Partly cloudy
TEHRI,2025-07-15 06:00:00,0.0,19.9,86,0.6111111111111112,1003.0,1003.0,Sunny
TEHRI,2025-07-15 07:00:00,0.0,21.3,80,0.5,1003.0,1003.0,Sunny
TEHRI,2025-07-15 08:00:00,0.15,22.3,76,1.0,1004.0,1004.0,Patchy rain possible
TEHRI,2025-07-15 09:00:00,0.51,23.0,76,2.111111111111111,1004.0,1004.0,Patchy rain possible
TEHRI,2025-07-15 10:00:00,0.61,23.8,74,2.305555555555556,1004.0,1004.0,Patchy rain possible
TEHRI,2025-07-15 11:00:00,1.2,23.8,76,2.5,1003.0,1003.0,Light rain shower
TEHRI,2025-07-15 12:00:00,1.27,23.3,80,2.1944444444444446,1003.0,1003.0,Light rain shower
TEHRI,2025-07-15 13:00:00,1.59,22.9,82,1.8055555555555556,1003.0,1003.0,Light rain shower
TEHRI,2025-07-15 14:00:00,1.01,23.3,81,1.8055555555555556,1003.0,1003.0,Light rain shower
TEHRI,2025-07-15 15:00:00,1.73,23.0,82,1.8055555555555556,1002.0,1002.0,Light rain shower
TEHRI,2025-07-15 16:00:00,1.62,22.5,84,1.5,1002.0,1002.0,Light rain shower
TEHRI,2025-07-15 17:00:00,1.02,23.5,88,1.0,1003.0,1003.0,Light rain shower
TEHRI,2025-07-15 18:00:00,1.28,24.3,90,0.38888888888888884,1003.0,1003.0,Light rain shower
TEHRI,2025-07-15 19:00:00,1.55,23.8,90,0.11111111111111112,1003.0,1003.0,Light rain shower
TEHRI,2025-07-15 20:00:00,1.06,23.5,90,0.6111111111111112,1003.0,1003.0,Light rain shower
TEHRI,2025-07-15 21:00:00,0.82,23.2,91,0.3055555555555556,1005.0,1005.0,Light rain shower
TEHRI,2025-07-15 22:00:00,0.67,23.4,90,0.6111111111111112,1005.0,1005.0,Light rain shower
TEHRI,2025-07-15 23:00:00,0.44,23.3,90,0.5,1005.0,1005.0,Light rain shower
CHAMOLI,2025-07-21 00:00:00,0.68,11.5,94,0.19444444444444442,1009.0,1009.0,Patchy light drizzle
CHAMOLI,2025-07-21 01:00:00,0.3,11.5,92,0.0,1008.0,1008.0,Patchy light drizzle
CHAMOLI,2025-07-21 02:00:00,0.12,11.5,93,0.6111111111111112,1007.0,1007.0,Patchy rain possible
CHAMOLI,2025-07-21 03:00:00,0.29,11.3,94,0.11111111111111112,1008.0,1008.0,Patchy light drizzle
CHAMOLI,2025-07-21 04:00:00,0.27,11.3,93,0.3055555555555556,1007.0,1007.0,Light rain shower
CHAMOLI,2025-07-21 05:00:00,0.5,11.4,92,0.6944444444444444,1008.0,1008.0,Light drizzle
CHAMOLI,2025-07-21 06:00:00,0.5,11.5,92,0.3055555555555556,1008.0,1008.0,Light drizzle
CHAMOLI,2025-07-21 07:00:00,0.73,11.4,94,0.38888888888888884,1009.0,1009.0,Light drizzle
CHAMOLI,2025-07-21 08:00:00,0.35,11.5,95,0.38888888888888884,1010.0,1010.0,Patchy light drizzle
CHAMOLI,2025-07-21 09:00:00,0.11,12.1,92,1.1111111111111112,1010.0,1010.0,Patchy rain possible
CHAMOLI,2025-07-21 10:00:00,0.13,12.6,91,1.8055555555555556,1010.0,1010.0,Patchy rain possible
CHAMOLI,2025-07-21 11:00:00,0.2,12.3,94,2.0,1009.0,1009.0,Light rain shower
CHAMOLI,2025-07-21 12:00:00,0.22,12.1,97,1.8055555555555556,1009.0,1009.0,Light drizzle
CHAMOLI,2025-07-21 13:00:00,0.29,11.9,98,1.5,1009.0,1009.0,Light rain shower
CHAMOLI,2025-07-21 14:00:00,0.25,11.7,99,1.3055555555555556,1009.0,1009.0,Light rain shower
CHAMOLI,2025-07-21 15:00:00,0.23,11.6,99,1.3055555555555556,1009.0,1009.0,Light rain shower
CHAMOLI,2025-07-21 16:00:00,0.24,11.6,99,1.3888888888888888,1009.0,1009.0,Light rain shower
CHAMOLI,2025-07-21 17:00:00,0.42,11.5,99,0.6111111111111112,1009.0,1009.0,Light drizzle
CHAMOLI,2025-07-21 18:00:00,0.62,11.3,99,0.3055555555555556,1009.0,1009.0,Light drizzle
CHAMOLI,2025-07-21 19:00:00,0.45,11.5,97,0.6111111111111112,1009.0,1009.0,Light drizzle
CHAMOLI,2025-07-21 20:00:00,0.65,11.6,93,0.888888888888889,1010.0,1010.0,Patchy light drizzle
CHAMOLI,2025-07-21 21:00:00,0.03,11.6,91,0.3055555555555556,1009.0,1009.0,Patchy rain possible
CHAMOLI,2025-07-21 22:00:00,0.0,11.5,90,1.1111111111111112,1010.0,1010.0,Cloudy
CHAMOLI,2025-07-21 23:00:00,0.08,11.9,88,0.6944444444444444,1009.0,1009.0,Patchy rain possible
CHAMOLI,2025-07-20 00:00:00,0.22,12.5,94,0.8055555555555555,1009.0,1009.0,Light drizzle
CHAMOLI,2025-07-20 01:00:00,0.11,12.4,94,0.6944444444444444,1008.0,1008.0,Mist
CHAMOLI,2025-07-20 02:00:00,0.08,12.3,95,0.6944444444444444,1008.0,1008.0,Mist
CHAMOLI,2025-07-20 03:00:00,0.22,12.2,95,0.5,1007.0,1007.0,Light drizzle
CHAMOLI,2025-07-20 04:00:00,0.17,12.3,95,0.5,1007.0,1007.0,Light rain shower
CHAMOLI,2025-07-20 05:00:00,0.08,12.2,94,0.3055555555555556,1007.0,1007.0,Patchy rain possible
CHAMOLI,2025-07-20 06:00:00,0.14,12.7,92,0.38888888888888884,1008.0,1008.0,Patchy rain possible
CHAMOLI,2025-07-20 07:00:00,0.13,13.3,90,0.888888888888889,1008.0,1008.0,Patchy rain possible
CHAMOLI,2025-07-20 08:00:00,0.13,13.8,90,1.6944444444444442,1007.0,1007.0,Patchy rain possible
CHAMOLI,2025-07-20 09:00:00,0.22,14.1,91,2.111111111111111,1007.0,1007.0,Light drizzle
CHAMOLI,2025-07-20 10:00:00,0.3,14.0,93,2.111111111111111,1007.0,1007.0,Light rain shower
CHAMOLI,2025-07-20 11:00:00,0.27,13.6,95,2.1944444444444446,1008.0,1008.0,Light drizzle
CHAMOLI,2025-07-20 12:00:00,0.63,13.5,97,2.111111111111111,1007.0,1007.0,Light drizzle
CHAMOLI,2025-07-20 13:00:00,0.33,13.7,95,1.6944444444444442,1007.0,1007.0,Light rain shower
CHAMOLI,2025-07-20 14:00:00,0.33,13.7,93,1.611111111111111,1006.0,1006.0,Light rain shower
CHAMOLI,2025-07-20 15:00:00,0.3,13.7,94,1.3888888888888888,1006.0,1006.0,Light rain shower
CHAMOLI,2025-07-20 16:00:00,0.51,13.4,96,1.1111111111111112,1005.0,1005.0,Light rain shower
CHAMOLI,2025-07-20 17:00:00,0.98,13.0,97,1.3055555555555556,1006.0,1006.0,Light rain shower
CHAMOLI,2025-07-20 18:00:00,1.3,12.7,97,0.5,1006.0,1006.0,Light rain
CHAMOLI,2025-07-20 19:00:00,2.62,12.4,96,1.3888888888888888,1007.0,1007.0,Moderate rain
CHAMOLI,2025-07-20 20:00:00,0.77,12.4,94,0.8055555555555555,1007.0,1007.0,Light rain shower
CHAMOLI,2025-07-20 21:00:00,0.18,11.9,99,1.1111111111111112,1008.0,1008.0,Light drizzle
CHAMOLI,2025-07-20 22:00:00,1.14,12.0,97,0.6944444444444444,1008.0,1008.0,Light rain shower
CHAMOLI,2025-07-20 23:00:00,0.21,12.1,96,0.8055555555555555,1008.0,1008.0,Light drizzle
CHAMOLI,2025-07-19 00:00:00,0.0,11.2,87,1.1111111111111112,1011.0,1011.0,Clear
CHAMOLI,2025-07-19 01:00:00,0.0,10.9,85,1.3055555555555556,1010.0,1010.0,Clear
CHAMOLI,2025-07-19 02:00:00,0.0,10.7,84,1.1944444444444444,1009.0,1009.0,Clear
CHAMOLI,2025-07-19 03:00:00,0.0,10.6,83,1.3888888888888888,1009.0,1009.0,Clear
CHAMOLI,2025-07-19 04:00:00,0.0,10.4,81,1.5,1009.0,1009.0,Clear
CHAMOLI,2025-07-19 05:00:00,0.0,10.4,80,1.3888888888888888,1009.0,1009.0,Clear
CHAMOLI,2025-07-19 06:00:00,0.0,12.5,76,1.1111111111111112,1009.0,1009.0,Sunny
CHAMOLI,2025-07-19 07:00:00,0.0,14.3,69,0.5,1008.0,1008.0,Sunny
CHAMOLI,2025-07-19 08:00:00,0.0,15.5,69,1.8055555555555556,1008.0,1008.0,Sunny
CHAMOLI,2025-07-19 09:00:00,0.0,16.6,68,2.388888888888889,1008.0,1008.0,Sunny
CHAMOLI,2025-07-19 10:00:00,0.09,17.6,66,3.0,1008.0,1008.0,Patchy rain possible
CHAMOLI,2025-07-19 11:00:00,0.15,18.3,65,3.194444444444444,1007.0,1007.0,Patchy rain possible
CHAMOLI,2025-07-19 12:00:00,0.19,18.5,66,3.611111111111111,1006.0,1006.0,Patchy rain possible
CHAMOLI,2025-07-19 13:00:00,0.25,17.9,69,3.3888888888888884,1006.0,1006.0,Patchy rain possible
CHAMOLI,2025-07-19 14:00:00,0.16,17.2,74,3.194444444444444,1006.0,1006.0,Patchy rain possible
CHAMOLI,2025-07-19 15:00:00,0.22,16.6,78,3.0,1006.0,1006.0,Patchy rain possible
CHAMOLI,2025-07-19 16:00:00,0.14,15.4,85,2.611111111111111,1006.0,1006.0,Patchy rain possible
CHAMOLI,2025-07-19 17:00:00,0.22,14.6,90,1.8888888888888888,1006.0,1006.0,Light rain shower
CHAMOLI,2025-07-19 18:00:00,0.16,14.1,91,1.1111111111111112,1007.0,1007.0,Light rain shower
CHAMOLI,2025-07-19 19:00:00,0.11,13.7,89,0.6944444444444444,1007.0,1007.0,Patchy rain possible
CHAMOLI,2025-07-19 20:00:00,0.16,13.2,91,0.5,1008.0,1008.0,Patchy rain possible
CHAMOLI,2025-07-19 21:00:00,0.07,13.0,92,0.6944444444444444,1008.0,1008.0,Patchy rain possible
CHAMOLI,2025-07-19 22:00:00,0.08,12.7,93,0.6111111111111112,1008.0,1008.0,Patchy rain possible
CHAMOLI,2025-07-19 23:00:00,0.14,12.5,94,0.8055555555555555,1008.0,1008.0,Mist
CHAMOLI,2025-07-18 00:00:00,0.13,10.6,89,0.5,1013.0,1013.0,Patchy rain possible
CHAMOLI,2025-07-18 01:00:00,0.09,10.3,91,0.38888888888888884,1013.0,1013.0,Patchy rain possible
CHAMOLI,2025-07-18 02:00:00,0.04,10.1,90,0.888888888888889,1012.0,1012.0,Patchy rain possible
CHAMOLI,2025-07-18 03:00:00,0.03,10.4,87,1.1111111111111112,1012.0,1012.0,Patchy rain possible
CHAMOLI,2025-07-18 04:00:00,0.04,10.6,85,0.6111111111111112,1012.0,1012.0,Patchy rain possible
CHAMOLI,2025-07-18 05:00:00,0.02,10.6,85,0.6111111111111112,1012.0,1012.0,Patchy rain possible
CHAMOLI,2025-07-18 06:00:00,0.06,11.1,83,0.8055555555555555,1012.0,1012.0,Patchy rain possible
CHAMOLI,2025-07-18 07:00:00,0.11,12.0,80,0.5,1013.0,1013.0,Patchy rain possible
CHAMOLI,2025-07-18 08:00:00,0.02,12.3,80,0.3055555555555556,1013.0,1013.0,Patchy rain possible
CHAMOLI,2025-07-18 09:00:00,0.01,13.4,75,0.8055555555555555,1013.0,1013.0,Patchy rain possible
CHAMOLI,2025-07-18 10:00:00,0.09,14.5,72,1.3888888888888888,1012.0,1012.0,Patchy rain possible
CHAMOLI,2025-07-18 11:00:00,0.14,16.0,68,2.611111111111111,1011.0,1011.0,Patchy rain possible
CHAMOLI,2025-07-18 12:00:00,0.41,16.6,69,3.1111111111111107,1010.0,1010.0,Patchy rain possible
CHAMOLI,2025-07-18 13:00:00,0.64,16.5,72,3.194444444444444,1010.0,1010.0,Patchy rain possible
CHAMOLI,2025-07-18 14:00:00,0.82,15.9,76,3.0,1009.0,1009.0,Light rain shower
CHAMOLI,2025-07-18 15:00:00,0.56,15.0,81,2.5,1010.0,1010.0,Light rain shower
CHAMOLI,2025-07-18 16:00:00,0.47,14.4,86,1.8888888888888888,1010.0,1010.0,Patchy rain possible
CHAMOLI,2025-07-18 17:00:00,0.36,13.9,89,1.3888888888888888,1010.0,1010.0,Light rain shower
CHAMOLI,2025-07-18 18:00:00,0.25,13.2,93,1.1111111111111112,1010.0,1010.0,Light rain shower
CHAMOLI,2025-07-18 19:00:00,0.02,12.3,96,0.3055555555555556,1011.0,1011.0,Mist
CHAMOLI,2025-07-18 20:00:00,0.01,12.2,94,0.8055555555555555,1011.0,1011.0,Patchy rain possible
CHAMOLI,2025-07-18 21:00:00,0.0,12.2,92,0.38888888888888884,1011.0,1011.0,Partly cloudy
CHAMOLI,2025-07-18 22:00:00,0.0,11.7,92,0.38888888888888884,1011.0,1011.0,Partly cloudy
CHAMOLI,2025-07-18 23:00:00,0.0,11.2,91,0.6944444444444444,1011.0,1011.0,Clear
CHAMOLI,2025-07-17 00:00:00,0.55,10.7,98,0.3055555555555556,1011.0,1011.0,Light drizzle
CHAMOLI,2025-07-17 01:00:00,0.61,10.5,97,0.5,1010.0,1010.0,Light drizzle
CHAMOLI,2025-07-17 02:00:00,0.55,10.5,96,0.3055555555555556,1010.0,1010.0,Light drizzle
CHAMOLI,2025-07-17 03:00:00,0.25,10.5,95,0.3055555555555556,1009.0,1009.0,Light rain shower
CHAMOLI,2025-07-17 04:00:00,0.16,10.6,94,0.3055555555555556,1009.0,1009.0,Light rain shower
CHAMOLI,2025-07-17 05:00:00,0.22,10.5,95,0.38888888888888884,1010.0,1010.0,Light rain shower
CHAMOLI,2025-07-17 06:00:00,0.35,10.5,95,0.3055555555555556,1011.0,1011.0,Light drizzle
CHAMOLI,2025-07-17 07:00:00,0.44,10.7,95,0.5,1011.0,1011.0,Light drizzle
CHAMOLI,2025-07-17 08:00:00,0.87,10.7,96,0.6944444444444444,1012.0,1012.0,Light rain
CHAMOLI,2025-07-17 09:00:00,1.47,10.8,95,0.6944444444444444,1012.0,1012.0,Light rain
CHAMOLI,2025-07-17 10:00:00,2.18,10.9,96,0.6944444444444444,1012.0,1012.0,Light rain
CHAMOLI,2025-07-17 11:00:00,1.7,10.9,95,0.6111111111111112,1013.0,1013.0,Light rain
CHAMOLI,2025-07-17 12:00:00,1.01,11.1,93,0.6944444444444444,1012.0,1012.0,Light rain
CHAMOLI,2025-07-17 13:00:00,0.7,11.4,92,0.6944444444444444,1012.0,1012.0,Light drizzle
CHAMOLI,2025-07-17 14:00:00,0.94,11.3,92,0.6944444444444444,1012.0,1012.0,Light rain
CHAMOLI,2025-07-17 15:00:00,1.1,11.0,95,0.6111111111111112,1012.0,1012.0,Light rain
CHAMOLI,2025-07-17 16:00:00,0.81,10.9,95,0.19444444444444442,1012.0,1012.0,Light rain
CHAMOLI,2025-07-17 17:00:00,0.66,11.1,93,0.5,1012.0,1012.0,Patchy light drizzle
CHAMOLI,2025-07-17 18:00:00,0.52,11.0,91,0.5,1012.0,1012.0,Light drizzle
CHAMOLI,2025-07-17 19:00:00,0.47,10.9,90,0.888888888888889,1013.0,1013.0,Light drizzle
CHAMOLI,2025-07-17 20:00:00,0.73,11.0,88,1.1944444444444444,1013.0,1013.0,Light drizzle
CHAMOLI,2025-07-17 21:00:00,0.92,11.0,87,1.3888888888888888,1014.0,1014.0,Light rain
CHAMOLI,2025-07-17 22:00:00,0.44,10.9,87,1.0,1014.0,1014.0,Patchy light drizzle
CHAMOLI,2025-07-17 23:00:00,0.13,11.0,86,0.888888888888889,1013.0,1013.0,Patchy rain possible
CHAMOLI,2025-07-16 00:00:00,0.03,10.7,90,0.38888888888888884,1011.0,1011.0,Patchy rain possible
CHAMOLI,2025-07-16 01:00:00,0.03,10.6,90,0.5,1010.0,1010.0,Patchy rain possible
CHAMOLI,2025-07-16 02:00:00,0.02,10.4,90,0.19444444444444442,1010.0,1010.0,Patchy rain possible
CHAMOLI,2025-07-16 03:00:00,0.04,10.5,91,0.38888888888888884,1009.0,1009.0,Patchy rain possible
CHAMOLI,2025-07-16 04:00:00,0.1,10.6,91,0.0,1009.0,1009.0,Patchy rain possible
CHAMOLI,2025-07-16 05:00:00,0.16,10.4,92,0.19444444444444442,1010.0,1010.0,Light rain shower
CHAMOLI,2025-07-16 06:00:00,0.27,10.5,92,0.19444444444444442,1010.0,1010.0,Patchy light drizzle
CHAMOLI,2025-07-16 07:00:00,0.22,10.7,92,0.19444444444444442,1011.0,1011.0,Patchy light drizzle
CHAMOLI,2025-07-16 08:00:00,0.1,10.9,92,0.3055555555555556,1011.0,1011.0,Patchy rain possible
CHAMOLI,2025-07-16 09:00:00,0.07,11.4,91,0.6944444444444444,1011.0,1011.0,Patchy rain possible
CHAMOLI,2025-07-16 10:00:00,0.08,11.7,90,1.0,1011.0,1011.0,Patchy rain possible
CHAMOLI,2025-07-16 11:00:00,0.06,12.1,88,1.0,1010.0,1010.0,Patchy rain possible
CHAMOLI,2025-07-16 12:00:00,0.17,13.2,84,1.8055555555555556,1010.0,1010.0,Patchy rain possible
CHAMOLI,2025-07-16 13:00:00,0.45,14.2,83,2.694444444444444,1009.0,1009.0,Patchy light drizzle
CHAMOLI,2025-07-16 14:00:00,0.93,14.1,85,2.888888888888889,1008.0,1008.0,Light rain shower
CHAMOLI,2025-07-16 15:00:00,0.9,13.5,91,2.8055555555555554,1008.0,1008.0,Patchy light rain
CHAMOLI,2025-07-16 16:00:00,1.13,12.6,96,2.1944444444444446,1009.0,1009.0,Light rain shower
CHAMOLI,2025-07-16 17:00:00,1.63,12.1,98,1.611111111111111,1009.0,1009.0,Light rain
CHAMOLI,2025-07-16 18:00:00,2.23,11.6,99,0.888888888888889,1010.0,1010.0,Light rain
CHAMOLI,2025-07-16 19:00:00,0.99,11.1,99,0.6111111111111112,1011.0,1011.0,Light rain
CHAMOLI,2025-07-16 20:00:00,0.31,10.9,98,0.19444444444444442,1011.0,1011.0,Light rain shower
CHAMOLI,2025-07-16 21:00:00,0.32,10.9,97,0.3055555555555556,1012.0,1012.0,Light drizzle
CHAMOLI,2025-07-16 22:00:00,0.14,11.0,95,0.19444444444444442,1012.0,1012.0,Patchy rain possible
CHAMOLI,2025-07-16 23:00:00,0.07,11.0,95,0.5,1012.0,1012.0,Mist
CHAMOLI,2025-07-15 00:00:00,1.04,10.7,91,0.3055555555555556,1012.0,1012.0,Patchy light rain
CHAMOLI,2025-07-15 01:00:00,0.71,10.5,91,0.6944444444444444,1011.0,1011.0,Patchy rain possible
CHAMOLI,2025-07-15 02:00:00,0.18,10.6,89,1.0,1010.0,1010.0,Patchy rain possible
CHAMOLI,2025-07-15 03:00:00,0.01,10.3,89,0.5,1010.0,1010.0,Patchy rain possible
CHAMOLI,2025-07-15 04:00:00,0.0,10.1,89,0.888888888888889,1010.0,1010.0,Partly cloudy
CHAMOLI,2025-07-15 05:00:00,0.0,10.3,86,1.3055555555555556,1010.0,1010.0,Partly cloudy
CHAMOLI,2025-07-15 06:00:00,0.0,11.8,80,0.6111111111111112,1009.0,1009.0,Partly cloudy
CHAMOLI,2025-07-15 07:00:00,0.0,12.4,78,1.5,1010.0,1010.0,Partly cloudy
CHAMOLI,2025-07-15 08:00:00,0.0,13.2,78,1.6944444444444442,1010.0,1010.0,Partly cloudy
CHAMOLI,2025-07-15 09:00:00,0.02,14.6,74,1.8888888888888888,1009.0,1009.0,Patchy rain possible
CHAMOLI,2025-07-15 10:00:00,0.1,15.9,69,2.888888888888889,1008.0,1008.0,Patchy rain possible
CHAMOLI,2025-07-15 11:00:00,0.4,16.2,71,3.3888888888888884,1008.0,1008.0,Patchy rain possible
CHAMOLI,2025-07-15 12:00:00,0.59,15.5,77,3.5,1008.0,1008.0,Patchy rain possible
CHAMOLI,2025-07-15 13:00:00,0.77,14.6,83,3.1111111111111107,1008.0,1008.0,Patchy rain possible
CHAMOLI,2025-07-15 14:00:00,0.73,14.2,86,2.8055555555555554,1008.0,1008.0,Patchy rain possible
CHAMOLI,2025-07-15 15:00:00,0.67,13.3,92,2.611111111111111,1008.0,1008.0,Light rain shower
CHAMOLI,2025-07-15 16:00:00,0.87,12.7,94,2.5,1008.0,1008.0,Light rain shower
CHAMOLI,2025-07-15 17:00:00,1.28,12.0,98,1.8055555555555556,1009.0,1009.0,Light rain shower
CHAMOLI,2025-07-15 18:00:00,1.16,11.6,98,1.1944444444444444,1009.0,1009.0,Light rain
CHAMOLI,2025-07-15 19:00:00,0.77,11.2,98,0.38888888888888884,1010.0,1010.0,Light rain
CHAMOLI,2025-07-15 20:00:00,0.38,11.1,96,0.6944444444444444,1011.0,1011.0,Light rain shower
CHAMOLI,2025-07-15 21:00:00,0.17,11.1,94,0.3055555555555556,1011.0,1011.0,Patchy light drizzle
CHAMOLI,2025-07-15 22:00:00,0.15,10.9,94,0.3055555555555556,1011.0,1011.0,Light rain shower
CHAMOLI,2025-07-15 23:00:00,0.19,11.0,94,0.5,1011.0,1011.0,Patchy light drizzle
PITHORAGARH,2025-07-21 00:00:00,0.52,19.1,93,1.0,1003.0,1003.0,Light rain shower
PITHORAGARH,2025-07-21 01:00:00,0.61,18.9,94,1.0,1003.0,1003.0,Light drizzle
PITHORAGARH,2025-07-21 02:00:00,1.22,18.6,96,1.0,1003.0,1003.0,Light rain shower
PITHORAGARH,2025-07-21 03:00:00,1.64,18.5,98,1.1111111111111112,1003.0,1003.0,Light rain
PITHORAGARH,2025-07-21 04:00:00,2.37,19.3,98,1.0,1003.0,1003.0,Light rain shower
PITHORAGARH,2025-07-21 05:00:00,2.8,20.0,99,0.6944444444444444,1004.0,1004.0,Moderate rain
PITHORAGARH,2025-07-21 06:00:00,2.79,20.1,99,0.6944444444444444,1004.0,1004.0,Moderate rain
PITHORAGARH,2025-07-21 07:00:00,2.15,20.2,98,0.6944444444444444,1005.0,1005.0,Light rain
PITHORAGARH,2025-07-21 08:00:00,0.99,20.4,98,0.8055555555555555,1006.0,1006.0,Light rain
PITHORAGARH,2025-07-21 09:00:00,0.82,20.5,97,0.6111111111111112,1006.0,1006.0,Light rain
PITHORAGARH,2025-07-21 10:00:00,0.65,20.4,96,0.6111111111111112,1006.0,1006.0,Light rain shower
PITHORAGARH,2025-07-21 11:00:00,0.56,19.8,96,0.6111111111111112,1006.0,1006.0,Light drizzle
PITHORAGARH,2025-07-21 12:00:00,0.33,19.6,96,0.38888888888888884,1006.0,1006.0,Light drizzle
PITHORAGARH,2025-07-21 13:00:00,0.19,19.8,96,0.11111111111111112,1005.0,1005.0,Light rain shower
PITHORAGARH,2025-07-21 14:00:00,0.03,20.0,95,0.38888888888888884,1005.0,1005.0,Mist
PITHORAGARH,2025-07-21 15:00:00,0.01,20.9,94,1.0,1004.0,1004.0,Mist
PITHORAGARH,2025-07-21 16:00:00,0.0,21.1,94,1.1944444444444444,1004.0,1004.0,Partly cloudy
PITHORAGARH,2025-07-21 17:00:00,0.0,21.4,93,1.1944444444444444,1003.0,1003.0,Partly cloudy
PITHORAGARH,2025-07-21 18:00:00,0.0,20.3,95,1.1944444444444444,1004.0,1004.0,Mist
PITHORAGARH,2025-07-21 19:00:00,0.0,18.3,96,1.3888888888888888,1004.0,1004.0,Mist
PITHORAGARH,2025-07-21 20:00:00,0.0,18.0,96,1.1944444444444444,1004.0,1004.0,Mist
PITHORAGARH,2025-07-21 21:00:00,0.0,18.1,95,1.1111111111111112,1005.0,1005.0,Mist
PITHORAGARH,2025-07-21 22:00:00,0.0,17.9,94,1.0,1004.0,1004.0,Mist
PITHORAGARH,2025-07-21 23:00:00,0.0,17.7,94,1.1111111111111112,1004.0,1004.0,Mist
PITHORAGARH,2025-07-20 00:00:00,0.02,19.7,88,0.888888888888889,1003.0,1003.0,Patchy rain possible
PITHORAGARH,2025-07-20 01:00:00,0.02,19.6,87,0.8055555555555555,1003.0,1003.0,Patchy rain possible
PITHORAGARH,2025-07-20 02:00:00,0.01,19.5,86,0.6111111111111112,1003.0,1003.0,Patchy rain possible
PITHORAGARH,2025-07-20 03:00:00,0.01,18.8,88,0.19444444444444442,1002.0,1002.0,Patchy rain possible
PITHORAGARH,2025-07-20 04:00:00,0.01,18.5,88,0.38888888888888884,1002.0,1002.0,Patchy rain possible
PITHORAGARH,2025-07-20 05:00:00,0.02,20.3,88,0.38888888888888884,1003.0,1003.0,Patchy rain possible
PITHORAGARH,2025-07-20 06:00:00,0.01,21.4,86,0.19444444444444442,1003.0,1003.0,Patchy rain possible
PITHORAGARH,2025-07-20 07:00:00,0.03,22.2,84,0.11111111111111112,1003.0,1003.0,Patchy rain possible
PITHORAGARH,2025-07-20 08:00:00,0.02,23.0,81,0.3055555555555556,1003.0,1003.0,Patchy rain possible
PITHORAGARH,2025-07-20 09:00:00,0.01,22.9,78,0.38888888888888884,1003.0,1003.0,Thundery outbreaks possible
PITHORAGARH,2025-07-20 10:00:00,0.02,22.8,77,0.6111111111111112,1003.0,1003.0,Patchy rain possible
PITHORAGARH,2025-07-20 11:00:00,0.06,24.0,74,0.6944444444444444,1003.0,1003.0,Patchy rain possible
PITHORAGARH,2025-07-20 12:00:00,0.41,24.9,74,0.6944444444444444,1002.0,1002.0,Patchy light drizzle
PITHORAGARH,2025-07-20 13:00:00,1.09,24.8,79,0.888888888888889,1002.0,1002.0,Light rain shower
PITHORAGARH,2025-07-20 14:00:00,0.92,24.3,84,1.1944444444444444,1001.0,1001.0,Light rain shower
PITHORAGARH,2025-07-20 15:00:00,1.06,24.2,86,1.5,1001.0,1001.0,Light rain shower
PITHORAGARH,2025-07-20 16:00:00,0.56,23.9,87,1.611111111111111,1001.0,1001.0,Light rain shower
PITHORAGARH,2025-07-20 17:00:00,1.23,22.8,92,0.888888888888889,1001.0,1001.0,Light rain shower
PITHORAGARH,2025-07-20 18:00:00,0.71,21.9,92,1.0,1001.0,1001.0,Light rain shower
PITHORAGARH,2025-07-20 19:00:00,0.7,19.9,92,1.1944444444444444,1002.0,1002.0,Light rain shower
PITHORAGARH,2025-07-20 20:00:00,0.82,19.5,94,0.6111111111111112,1003.0,1003.0,Light rain shower
PITHORAGARH,2025-07-20 21:00:00,0.86,19.5,94,0.8055555555555555,1003.0,1003.0,Light rain shower
PITHORAGARH,2025-07-20 22:00:00,1.03,19.4,94,0.5,1003.0,1003.0,Light rain shower
PITHORAGARH,2025-07-20 23:00:00,1.1,19.1,96,0.6111111111111112,1003.0,1003.0,Light rain shower
PITHORAGARH,2025-07-19 00:00:00,0.0,18.7,88,1.0,1005.0,1005.0,Partly cloudy
PITHORAGARH,2025-07-19 01:00:00,0.0,18.5,89,1.1111111111111112,1005.0,1005.0,Partly cloudy
PITHORAGARH,2025-07-19 02:00:00,0.0,17.9,91,1.1111111111111112,1004.0,1004.0,Clear
PITHORAGARH,2025-07-19 03:00:00,0.0,17.6,92,0.888888888888889,1004.0,1004.0,Clear
PITHORAGARH,2025-07-19 04:00:00,0.0,17.5,92,1.0,1004.0,1004.0,Clear
PITHORAGARH,2025-07-19 05:00:00,0.0,17.4,93,1.0,1004.0,1004.0,Clear
PITHORAGARH,2025-07-19 06:00:00,0.0,21.0,88,0.888888888888889,1004.0,1004.0,Sunny
PITHORAGARH,2025-07-19 07:00:00,0.0,23.4,78,0.5,1004.0,1004.0,Sunny
PITHORAGARH,2025-07-19 08:00:00,0.0,25.4,70,0.8055555555555555,1004.0,1004.0,Partly cloudy
PITHORAGARH,2025-07-19 09:00:00,0.0,27.0,64,1.3888888888888888,1004.0,1004.0,Sunny
PITHORAGARH,2025-07-19 10:00:00,0.01,28.3,59,1.6944444444444442,1003.0,1003.0,Patchy rain possible
PITHORAGARH,2025-07-19 11:00:00,0.03,29.0,57,2.1944444444444446,1003.0,1003.0,Patchy rain possible
PITHORAGARH,2025-07-19 12:00:00,0.03,27.6,63,2.694444444444444,1002.0,1002.0,Patchy rain possible
PITHORAGARH,2025-07-19 13:00:00,0.08,26.6,70,2.611111111111111,1002.0,1002.0,Patchy rain possible
PITHORAGARH,2025-07-19 14:00:00,0.17,26.4,73,2.1944444444444446,1002.0,1002.0,Patchy rain possible
PITHORAGARH,2025-07-19 15:00:00,0.14,26.1,74,2.111111111111111,1001.0,1001.0,Thundery outbreaks possible
PITHORAGARH,2025-07-19 16:00:00,0.2,25.4,78,2.111111111111111,1001.0,1001.0,Patchy light rain with thunder
PITHORAGARH,2025-07-19 17:00:00,0.28,24.6,83,2.0,1001.0,1001.0,Light rain shower
PITHORAGARH,2025-07-19 18:00:00,0.17,23.5,88,1.5,1001.0,1001.0,Light rain shower
PITHORAGARH,2025-07-19 19:00:00,0.05,20.4,91,1.3055555555555556,1002.0,1002.0,Patchy rain possible
PITHORAGARH,2025-07-19 20:00:00,0.04,20.1,92,1.0,1002.0,1002.0,Patchy rain possible
PITHORAGARH,2025-07-19 21:00:00,0.02,19.7,93,1.1111111111111112,1003.0,1003.0,Patchy rain possible
PITHORAGARH,2025-07-19 22:00:00,0.03,19.3,94,1.0,1003.0,1003.0,Mist
PITHORAGARH,2025-07-19 23:00:00,0.02,19.2,94,0.8055555555555555,1003.0,1003.0,Patchy rain possible
PITHORAGARH,2025-07-18 00:00:00,0.0,18.1,92,0.888888888888889,1008.0,1008.0,Overcast
PITHORAGARH,2025-07-18 01:00:00,0.0,17.9,92,0.888888888888889,1007.0,1007.0,Cloudy
PITHORAGARH,2025-07-18 02:00:00,0.0,17.8,92,0.8055555555555555,1007.0,1007.0,Cloudy
PITHORAGARH,2025-07-18 03:00:00,0.0,17.6,92,0.888888888888889,1007.0,1007.0,Cloudy
PITHORAGARH,2025-07-18 04:00:00,0.0,17.6,93,1.1944444444444444,1007.0,1007.0,Overcast
PITHORAGARH,2025-07-18 05:00:00,0.0,18.2,92,1.3888888888888888,1007.0,1007.0,Cloudy
PITHORAGARH,2025-07-18 06:00:00,0.0,19.1,90,1.1944444444444444,1007.0,1007.0,Sunny
PITHORAGARH,2025-07-18 07:00:00,0.0,21.9,83,0.8055555555555555,1007.0,1007.0,Partly cloudy
PITHORAGARH,2025-07-18 08:00:00,0.0,23.8,74,1.1944444444444444,1008.0,1008.0,Partly cloudy
PITHORAGARH,2025-07-18 09:00:00,0.0,25.5,66,1.1111111111111112,1007.0,1007.0,Partly cloudy
PITHORAGARH,2025-07-18 10:00:00,0.27,26.5,63,1.3888888888888888,1007.0,1007.0,Patchy rain possible
PITHORAGARH,2025-07-18 11:00:00,0.3,26.3,64,1.8055555555555556,1006.0,1006.0,Patchy rain possible
PITHORAGARH,2025-07-18 12:00:00,0.31,25.0,70,2.1944444444444446,1006.0,1006.0,Patchy rain possible
PITHORAGARH,2025-07-18 13:00:00,0.81,24.2,76,2.1944444444444446,1005.0,1005.0,Patchy rain possible
PITHORAGARH,2025-07-18 14:00:00,0.91,24.3,79,2.0,1005.0,1005.0,Patchy rain possible
PITHORAGARH,2025-07-18 15:00:00,1.02,23.9,80,1.8055555555555556,1004.0,1004.0,Light rain shower
PITHORAGARH,2025-07-18 16:00:00,0.63,23.4,80,1.611111111111111,1004.0,1004.0,Patchy rain possible
PITHORAGARH,2025-07-18 17:00:00,0.35,22.9,82,1.3888888888888888,1004.0,1004.0,Patchy rain possible
PITHORAGARH,2025-07-18 18:00:00,0.3,21.6,90,1.1111111111111112,1004.0,1004.0,Patchy rain possible
PITHORAGARH,2025-07-18 19:00:00,0.17,19.9,92,0.888888888888889,1005.0,1005.0,Patchy rain possible
PITHORAGARH,2025-07-18 20:00:00,0.0,19.6,93,1.0,1006.0,1006.0,Clear
PITHORAGARH,2025-07-18 21:00:00,0.0,19.2,93,1.0,1006.0,1006.0,Partly cloudy
PITHORAGARH,2025-07-18 22:00:00,0.0,19.0,94,1.1944444444444444,1006.0,1006.0,Partly cloudy
PITHORAGARH,2025-07-18 23:00:00,0.0,18.7,94,1.5,1006.0,1006.0,Partly cloudy
PITHORAGARH,2025-07-17 00:00:00,0.07,18.0,94,0.38888888888888884,1006.0,1006.0,Mist
PITHORAGARH,2025-07-17 01:00:00,0.11,17.8,95,0.11111111111111112,1006.0,1006.0,Patchy rain possible
PITHORAGARH,2025-07-17 02:00:00,0.07,17.6,96,0.19444444444444442,1006.0,1006.0,Patchy rain possible
PITHORAGARH,2025-07-17 03:00:00,0.11,17.4,97,0.5,1005.0,1005.0,Mist
PITHORAGARH,2025-07-17 04:00:00,0.03,17.3,97,0.6944444444444444,1006.0,1006.0,Fog
PITHORAGARH,2025-07-17 05:00:00,0.01,18.0,98,0.6111111111111112,1006.0,1006.0,Fog
PITHORAGARH,2025-07-17 06:00:00,0.01,19.7,97,0.5,1007.0,1007.0,Fog
PITHORAGARH,2025-07-17 07:00:00,0.02,20.4,95,0.3055555555555556,1007.0,1007.0,Mist
PITHORAGARH,2025-07-17 08:00:00,0.02,21.6,90,0.19444444444444442,1007.0,1007.0,Patchy rain possible
PITHORAGARH,2025-07-17 09:00:00,0.29,22.6,86,0.6111111111111112,1008.0,1008.0,Patchy light drizzle
PITHORAGARH,2025-07-17 10:00:00,0.77,24.0,82,1.1944444444444444,1007.0,1007.0,Light rain shower
PITHORAGARH,2025-07-17 11:00:00,1.66,24.3,82,1.6944444444444442,1007.0,1007.0,Patchy light rain
PITHORAGARH,2025-07-17 12:00:00,1.12,24.2,83,2.0,1006.0,1006.0,Light rain shower
PITHORAGARH,2025-07-17 13:00:00,0.98,24.1,84,1.8888888888888888,1006.0,1006.0,Light rain shower
PITHORAGARH,2025-07-17 14:00:00,1.16,24.3,83,2.0,1006.0,1006.0,Light rain shower
PITHORAGARH,2025-07-17 15:00:00,0.16,23.6,86,2.0,1006.0,1006.0,Light rain shower
PITHORAGARH,2025-07-17 16:00:00,0.21,22.8,91,1.6944444444444442,1005.0,1005.0,Patchy rain possible
PITHORAGARH,2025-07-17 17:00:00,0.32,23.0,88,1.611111111111111,1005.0,1005.0,Patchy rain possible
PITHORAGARH,2025-07-17 18:00:00,0.05,21.7,93,1.1944444444444444,1006.0,1006.0,Patchy rain possible
PITHORAGARH,2025-07-17 19:00:00,0.28,19.2,95,1.1944444444444444,1006.0,1006.0,Light rain shower
PITHORAGARH,2025-07-17 20:00:00,0.14,19.0,93,0.5,1007.0,1007.0,Patchy rain possible
PITHORAGARH,2025-07-17 21:00:00,0.22,19.0,93,0.38888888888888884,1007.0,1007.0,Light rain shower
PITHORAGARH,2025-07-17 22:00:00,0.08,18.9,93,0.5,1007.0,1007.0,Patchy rain possible
PITHORAGARH,2025-07-17 23:00:00,0.06,18.7,94,0.8055555555555555,1007.0,1007.0,Patchy rain possible
PITHORAGARH,2025-07-16 00:00:00,0.47,18.6,93,1.0,1006.0,1006.0,Patchy rain possible
PITHORAGARH,2025-07-16 01:00:00,0.52,18.6,94,1.0,1005.0,1005.0,Light drizzle
PITHORAGARH,2025-07-16 02:00:00,0.33,18.5,94,0.888888888888889,1005.0,1005.0,Light rain shower
PITHORAGARH,2025-07-16 03:00:00,0.24,18.3,94,1.0,1004.0,1004.0,Patchy light drizzle
PITHORAGARH,2025-07-16 04:00:00,0.27,18.1,95,0.8055555555555555,1005.0,1005.0,Light rain shower
PITHORAGARH,2025-07-16 05:00:00,0.25,18.6,96,0.6944444444444444,1005.0,1005.0,Patchy light drizzle
PITHORAGARH,2025-07-16 06:00:00,0.08,19.3,95,0.6111111111111112,1006.0,1006.0,Mist
PITHORAGARH,2025-07-16 07:00:00,0.12,19.4,94,0.6944444444444444,1006.0,1006.0,Patchy rain possible
PITHORAGARH,2025-07-16 08:00:00,0.33,20.3,92,0.8055555555555555,1007.0,1007.0,Light rain shower
PITHORAGARH,2025-07-16 09:00:00,0.73,20.2,89,1.1111111111111112,1007.0,1007.0,Patchy light drizzle
PITHORAGARH,2025-07-16 10:00:00,1.22,20.6,88,1.3055555555555556,1007.0,1007.0,Light rain shower
PITHORAGARH,2025-07-16 11:00:00,1.15,20.3,90,1.611111111111111,1006.0,1006.0,Patchy light rain
PITHORAGARH,2025-07-16 12:00:00,0.79,20.1,91,1.6944444444444442,1006.0,1006.0,Light rain shower
PITHORAGARH,2025-07-16 13:00:00,0.6,19.9,92,1.5,1006.0,1006.0,Light rain shower
PITHORAGARH,2025-07-16 14:00:00,0.67,20.0,93,1.3055555555555556,1005.0,1005.0,Light rain shower
PITHORAGARH,2025-07-16 15:00:00,0.43,20.3,92,1.1111111111111112,1005.0,1005.0,Light rain shower
PITHORAGARH,2025-07-16 16:00:00,0.25,20.0,92,1.0,1005.0,1005.0,Light rain shower
PITHORAGARH,2025-07-16 17:00:00,0.15,20.1,92,0.6944444444444444,1005.0,1005.0,Light rain shower
PITHORAGARH,2025-07-16 18:00:00,0.42,19.4,95,0.3055555555555556,1005.0,1005.0,Light rain shower
PITHORAGARH,2025-07-16 19:00:00,0.12,18.7,96,0.38888888888888884,1006.0,1006.0,Mist
PITHORAGARH,2025-07-16 20:00:00,0.06,18.6,95,0.6111111111111112,1006.0,1006.0,Mist
PITHORAGARH,2025-07-16 21:00:00,0.02,18.4,95,0.6944444444444444,1007.0,1007.0,Mist
PITHORAGARH,2025-07-16 22:00:00,0.06,18.4,95,0.888888888888889,1007.0,1007.0,Mist
PITHORAGARH,2025-07-16 23:00:00,0.07,18.4,94,0.6111111111111112,1007.0,1007.0,Mist
PITHORAGARH,2025-07-15 00:00:00,0.31,18.5,93,1.3055555555555556,1006.0,1006.0,Light rain shower
PITHORAGARH,2025-07-15 01:00:00,0.23,18.4,92,1.3055555555555556,1005.0,1005.0,Light drizzle
PITHORAGARH,2025-07-15 02:00:00,0.55,18.3,93,1.6944444444444442,1005.0,1005.0,Light rain shower
PITHORAGARH,2025-07-15 03:00:00,0.55,18.4,93,1.3888888888888888,1005.0,1005.0,Light drizzle
PITHORAGARH,2025-07-15 04:00:00,0.22,19.8,92,1.3055555555555556,1005.0,1005.0,Light rain shower
PITHORAGARH,2025-07-15 05:00:00,0.26,19.5,93,1.5,1005.0,1005.0,Patchy light drizzle
PITHORAGARH,2025-07-15 06:00:00,0.3,20.8,93,1.611111111111111,1005.0,1005.0,Patchy rain possible
PITHORAGARH,2025-07-15 07:00:00,0.45,21.2,90,1.5,1006.0,1006.0,Light drizzle
PITHORAGARH,2025-07-15 08:00:00,0.53,22.0,85,1.3888888888888888,1005.0,1005.0,Light rain shower
PITHORAGARH,2025-07-15 09:00:00,0.71,23.3,78,1.5,1005.0,1005.0,Patchy rain possible
PITHORAGARH,2025-07-15 10:00:00,0.56,24.5,73,1.8055555555555556,1005.0,1005.0,Patchy rain possible
PITHORAGARH,2025-07-15 11:00:00,0.84,25.1,70,2.1944444444444446,1005.0,1005.0,Patchy rain possible
PITHORAGARH,2025-07-15 12:00:00,1.01,25.4,71,2.388888888888889,1004.0,1004.0,Light rain shower
PITHORAGARH,2025-07-15 13:00:00,1.13,24.3,76,2.388888888888889,1004.0,1004.0,Light rain shower
PITHORAGARH,2025-07-15 14:00:00,0.93,24.2,79,2.1944444444444446,1004.0,1004.0,Light rain shower
PITHORAGARH,2025-07-15 15:00:00,1.05,23.8,82,2.111111111111111,1003.0,1003.0,Light rain shower
PITHORAGARH,2025-07-15 16:00:00,0.86,23.0,87,1.8888888888888888,1004.0,1004.0,Light rain shower
PITHORAGARH,2025-07-15 17:00:00,1.34,22.0,93,1.5,1004.0,1004.0,Light rain shower
PITHORAGARH,2025-07-15 18:00:00,1.13,20.5,92,1.3055555555555556,1004.0,1004.0,Light rain shower
PITHORAGARH,2025-07-15 19:00:00,0.74,19.2,93,1.611111111111111,1005.0,1005.0,Patchy rain possible
PITHORAGARH,2025-07-15 20:00:00,0.71,19.0,92,1.1111111111111112,1006.0,1006.0,Light rain shower
PITHORAGARH,2025-07-15 21:00:00,0.48,19.1,91,0.8055555555555555,1006.0,1006.0,Light rain shower
PITHORAGARH,2025-07-15 22:00:00,0.43,19.1,91,1.1111111111111112,1006.0,1006.0,Light rain shower
PITHORAGARH,2025-07-15 23:00:00,0.42,18.9,92,1.1944444444444444,1006.0,1006.0,Light rain shower
